NO,기업명,기업코드,ESG등급,환경,사회,지배구조,평가년도,ESG 등급조정,환경 등급조정,사회 등급조정,지배구조 등급조정
1049,AJ네트웍스,095570,B+,C,A,B+,2023,,,,
1048,AK홀딩스,006840,A,A,A+,B+,2023,,,,
1047,BGF,027410,A,A,A+,B+,2023,,,,
1046,BGF리테일,282330,A,A,A+,A,2023,,,,
1045,BNK금융지주,138930,A,A,A+,A,2023,,,,
1044,BNK캐피탈,801190,등급없음,등급없음,등급없음,B+,2023,,,,
1043,BYC,001460,D,D,D,D,2023,,,,
1042,CJ,001040,A,A,A+,B+,2023,,,,
1041,CJ CGV,079160,A,A,A+,B+,2023,,,,
1040,CJ ENM,035760,B+,B+,A+,B,2023,,,,
1039,CJ 바이오사이언스,311690,C,D,C,B,2023,,,,
1038,CJ대한통운,000120,A,A,A+,B+,2023,,,,
1037,CJ씨푸드,011150,B+,B+,A,B,2023,,,,
1036,CJ제일제당,097950,A,A,A+,A,2023,,,,
1035,CJ프레시웨이,051500,A,B+,A+,A,2023,,,,
1034,CS홀딩스,000590,C,D,D,B,2023,,,,
1033,DB,012030,C,D,B,C,2023,,,,
1032,DB금융투자,016610,B,C,B,B+,2023,,,,
1031,DB생명보험,818158,등급없음,등급없음,등급없음,B+,2023,,,,
1030,DB손해보험,005830,B+,B+,A,B+,2023,,,,
1029,DB하이텍,000990,B+,A,A,B,2023,,,,
1028,DGB금융지주,139130,A,A+,A,A,2023,,,사회 등급조정(2024.07.),
1027,DGB생명보험,813363,등급없음,등급없음,등급없음,B+,2023,,,,
1026,DH오토넥스,000300,D,C,D,D,2023,,,,
1025,DL,000210,A,A,A,A,2023,,,,
1024,DL건설,001880,A,A,A+,B+,2023,,,,
1023,DL이앤씨,375500,A,A,B+,A,2023,,,사회 등급조정(2023.10.),
1022,DN오토모티브,007340,C,C,B,D,2023,,,,
1021,DRB동일,004840,B+,B,A,B+,2023,,,,
1020,DSR,155660,D,C,C,D,2023,,,,
1019,DSR제강,069730,C,C,C,B,2023,,,,
1018,E1,017940,A,A,A,B+,2023,,,,
1017,F&F,383220,B+,B+,A+,B,2023,,,,
1016,F&F 홀딩스,007700,A,B+,A+,B+,2023,,,,
1015,GKL,114090,B+,B,A,B+,2023,,,,
1014,GS,078930,B,B+,A+,C,2023,,,,
1013,GS건설,006360,A,A,B+,A,2023,,,사회 등급조정(2023.10.),
1012,GS글로벌,001250,B+,B+,B+,B+,2023,,,,
1011,GS리테일,007070,A,A+,A,A,2023,통합 등급조정(2023.10.),,사회 등급조정(2023.10.),
1010,HDC,012630,B+,B+,A,B,2023,,,,
1009,HDC랩스,039570,D,D,D,C,2023,,,,
1008,HDC현대EP,089470,B+,B+,B+,B,2023,,,,
1007,HDC현대산업개발,294870,B+,B+,A,B,2023,,,,
1006,HD한국조선해양,009540,A,A,A+,A,2023,,,,
1005,HD현대,267250,A,B+,A+,B+,2023,,환경 등급조정(2023.10.),,
1004,HD현대건설기계,267270,A+,A+,A+,A,2023,,,,
1003,HD현대미포,010620,A,A,A+,B+,2023,,,,
1002,HD현대에너지솔루션,322000,A,A,A,B+,2023,,,,
1001,HD현대인프라코어,042670,A,A+,A+,B+,2023,,,,
1000,HD현대일렉트릭,267260,A,A,A+,A,2023,,,,
999,HD현대중공업,329180,A,A,A,B+,2023,,,,
998,HJ중공업,097230,B+,B,B+,B+,2023,,,,
997,HK이노엔,195940,A,A,A+,A,2023,,,,
996,HL D&I,014790,A,A,A+,B+,2023,,,,
995,HLB,028300,C,B+,B+,D,2023,,,,
994,HLB글로벌,003580,D,D,D,D,2023,,,,
993,HLB생명과학,067630,B,C,B,B,2023,,,,
992,HL만도,204320,A,B+,A+,A,2023,,,,
991,HL홀딩스,060980,A,A,A+,A,2023,,,,
990,HMM,011200,A,A+,A+,B+,2023,,,,
989,HS애드,035000,B,D,C,B+,2023,,,,
988,ISC,095340,D,C,C,D,2023,,,,
987,JB금융지주,175330,A,A+,A,A,2023,,,,
986,JW생명과학,234080,B+,B+,A,B,2023,,,,
985,JW중외제약,001060,B+,B,A,B+,2023,,,,
984,JW홀딩스,096760,B+,B,A,B+,2023,,,,
983,JYP Ent.,035900,B+,A,A+,B,2023,,,,
982,KB금융,105560,A+,A+,A+,A+,2023,,,,
981,KB손해보험,002550,등급없음,등급없음,등급없음,A,2023,,,,
980,KCC건설,021320,D,D,D,D,2023,,,,
979,KCI,036670,B+,A,A,B,2023,,,,
978,KC그린홀딩스,009440,C,C,D,C,2023,,,,
977,KC코트렐,119650,C,C,D,C,2023,,,,
976,KEC,092220,D,C,C,D,2023,,,,
975,KG모빌리언스,046440,D,D,D,D,2023,,,,
974,KG모빌리티,003620,D,C,C,D,2023,,,,
973,KG스틸,016380,B,B+,A,C,2023,,,,
972,KG이니시스,035600,C,D,B,D,2023,,,,
971,KG케미칼,001390,C,C,D,C,2023,,,,
970,KH 필룩스,033180,D,C,C,D,2023,,,,
969,KH바텍,060720,A,A,A+,A,2023,,,,
968,KIB플러그에너지,015590,D,D,D,D,2023,,,,
967,KISCO홀딩스,001940,D,C,D,D,2023,,,,
966,KPX케미칼,025000,C,C,C,C,2023,,,,
965,KPX홀딩스,092230,C,C,C,C,2023,,,,
964,KR모터스,000040,D,D,D,D,2023,,,,
963,KSS해운,044450,B+,B+,A,B+,2023,,,,
962,KTcs,058850,A,A,A,A,2023,,,,
961,KTis,058860,B+,B+,A,B+,2023,,,,
960,LB세미콘,061970,B,A,A,D,2023,,,,
959,LF,093050,B+,B,B,B+,2023,,,,
958,LG,003550,A,A,A+,A,2023,,,,
957,LG디스플레이,034220,B+,A,A+,B,2023,,,,
956,LG생활건강,051900,A,A,A+,A,2023,,,,
955,LG유플러스,032640,A,A,A,A,2023,,,사회 등급조정(2023.10.),
954,LG이노텍,011070,A,A,A+,A,2023,,,,
953,LG전자,066570,A,A+,A,A,2023,,,,
952,LG헬로비전,037560,A,B+,A+,A,2023,,,,
951,LG화학,051910,A,B+,A+,A,2023,,,,
950,LIG넥스원,079550,A,A,A+,A,2023,,,,
949,LS,006260,A,A,A,A,2023,,,,
948,LS네트웍스,000680,B+,B,A,B+,2023,,,,
947,LS마린솔루션,060370,C,C,C,B+,2023,,,,
946,LS에코에너지,229640,C,D,C,B,2023,,,,
945,LX세미콘,108320,B+,A,A,B+,2023,,,,
944,LX인터내셔널,001120,B+,B+,A+,B,2023,,,,
943,LX하우시스,108670,A,A,A,B+,2023,,,,
942,LX홀딩스,383800,B+,B+,A,B+,2023,,,,
941,MH에탄올,023150,D,D,D,C,2023,,,,
940,NAVER,035420,A+,A,A+,A+,2023,,,,
939,NHN KCP,060250,B,C,B,B,2023,,,,
938,NH농협손해보험,839719,등급없음,등급없음,등급없음,A,2023,,,,
937,NH투자증권,005940,A,A,A,A,2023,,,,
936,NICE,034310,B+,B,A,B+,2023,,,,
935,NICE평가정보,030190,B,C,B,B,2023,,,,
934,NI스틸,008260,D,D,D,D,2023,,,,
933,OCI홀딩스,010060,A,A,A,A,2023,,,,
932,PI첨단소재,178920,B+,B+,A,B,2023,,,,
931,POSCO홀딩스,005490,A+,A,A+,A+,2023,,,,
930,RFHIC,218410,D,D,D,C,2023,,,,
929,S-Oil,010950,A+,A,A+,A+,2023,,,,
928,SBS,034120,B+,B+,A,B+,2023,,,,
927,SBS콘텐츠허브,046140,B+,B,B+,B+,2023,,,,
926,SBW생명과학,151910,D,C,D,D,2023,,,,
925,SFA반도체,036540,D,C,C,D,2023,,,,
924,SGC E&C,016250,C,B,C,C,2023,,,사회 등급조정(2024.01.),
923,SGC에너지,005090,B+,A,A,B,2023,통합 등급조정(2023.10.),,,지배구조 등급조정(2023.10.)
922,SG글로벌,001380,D,C,D,D,2023,,,,
921,SG세계물산,004060,D,D,D,D,2023,,,,
920,SHD,001770,C,D,D,B,2023,,,,
919,SH에너지화학,002360,C,C,D,B,2023,,,,
918,SIMPAC,009160,D,C,C,D,2023,,,,
917,SK,034730,A+,A,A+,A+,2023,,,,
916,SKC,011790,A+,A+,A+,A,2023,,,,
915,SK가스,018670,A+,A+,A+,A,2023,,,,
914,SK네트웍스,001740,A,A,A+,A,2023,,,,
913,SK디스커버리,006120,A,A+,A+,A,2023,,,,
912,SK디앤디,210980,A,A,A+,A,2023,,,,
911,SK렌터카,068400,A,A+,A+,A,2023,,,,
910,SK바이오사이언스,302440,A,B+,A,A,2023,,,,
909,SK스퀘어,402340,A,A,A+,A,2023,,,,
908,SK아이이테크놀로지,361610,A,A,A+,B+,2023,,,,
907,SK오션플랜트,100090,B,A,A,C,2023,,,,
906,SK이노베이션,096770,A+,A,A+,A+,2023,,,,
905,SK증권,001510,B+,B,B+,B+,2023,,,,
904,SK케미칼,285130,A+,A+,A+,A,2023,,,,
903,SK텔레콤,017670,A,A,A,A,2023,,,사회 등급조정(2023.10.),
902,SK하이닉스,000660,A,A,A+,A,2023,,,,
901,SNT다이내믹스,003570,C,C,C,C,2023,,,,
900,SNT모티브,064960,C,C,C,C,2023,,,,
899,SNT에너지,100840,D,D,C,D,2023,,,,
898,SNT홀딩스,036530,B,C,C,B+,2023,,,,
897,SOOP,067160,C,B,B+,C,2023,,,,
896,SPC삼립,005610,D,C,C,D,2023,통합 등급조정(2024.04.),,사회 등급조정(2024.04.),
895,STX,011810,C,D,C,C,2023,,,,
894,STX엔진,077970,C,C,B,D,2023,,,,
893,STX중공업,071970,C,C,C,B,2023,,,,
892,SUN&L,002820,C,C,C,C,2023,,,,
891,TCC스틸,002710,C,B+,B+,D,2023,,,,
890,TP,007980,D,D,C,D,2023,,,,
889,TYM,002900,B+,B+,A,B,2023,,,,
888,WISCOM,024070,C,C,C,B,2023,,,,
887,YG PLUS,037270,D,D,D,D,2023,,,,
886,가온전선,000500,B+,B+,A,B,2023,,,,
885,강남제비스코,000860,B+,B+,B+,B+,2023,,,,
884,강원랜드,035250,A,A+,A+,A,2023,,,,
883,갤럭시아머니트리,094480,C,D,C,C,2023,,,,
882,갤럭시아에스엠,011420,D,D,D,D,2023,,,,
881,경남은행,192520,등급없음,등급없음,등급없음,B,2023,통합 등급조정(2023.10.),,,지배구조 등급조정(2023.10.)
880,경농,002100,C,C,D,B+,2023,,,,
879,경동나비엔,009450,B,B+,A,C,2023,,,,
878,경동도시가스,267290,C,C,B+,D,2023,,,,
877,경동인베스트,012320,C,C,B+,C,2023,,,,
876,경방,000050,C,C,D,C,2023,,,,
875,경보제약,214390,B+,B+,A,B+,2023,,,,
874,경인양행,012610,C,B+,B+,D,2023,,,,
873,경인전자,009140,D,D,D,C,2023,,,,
872,계룡건설산업,013580,B+,B+,B+,B,2023,,,,
871,계양전기,012200,C,C,C,C,2023,,,,지배구조 등급조정(2024.04.)
870,고려산업,002140,D,D,D,C,2023,,,,
869,고려아연,010130,B,A,A,C,2023,,,,
868,고려제강,002240,C,C,B,D,2023,,,,
867,고영,098460,B+,B+,A,B,2023,,,,
866,골프존,215000,C,B+,A,C,2023,,,,
865,광동제약,009290,C,C,B,C,2023,,,,
864,광명전기,017040,D,C,C,D,2023,,,,
863,광전자,017900,D,C,D,D,2023,,,,
862,광주신세계,037710,A,A,A+,A,2023,,,,
861,광주은행,192530,등급없음,등급없음,등급없음,B+,2023,,,,
860,교보생명보험,811097,등급없음,등급없음,등급없음,B+,2023,,,,
859,교보증권,030610,B+,A,A,B+,2023,,,,
858,교촌에프앤비,339770,C,C,C,B,2023,,,,
857,국도화학,007690,D,C,D,D,2023,,,,
856,국동,005320,C,D,C,C,2023,,,,
855,국민은행,060000,등급없음,등급없음,등급없음,A,2023,,,,
854,국보,001140,D,C,D,D,2023,,,,
853,국일제지,078130,D,C,C,D,2023,,,,
852,국제약품,002720,C,D,C,B,2023,,,,
851,그린케미칼,083420,C,C,C,B,2023,,,,
850,극동유화,014530,D,D,D,D,2023,,,,
849,금강공업,014280,C,C,D,B,2023,,,,
848,금비,008870,D,C,D,D,2023,,,,
847,금양,001570,D,D,D,D,2023,,,,
846,금호건설,002990,B,B,B+,B,2023,,,,
845,금호석유화학,011780,A,A,A+,A,2023,,,,
844,금호에이치티,214330,D,C,C,D,2023,,,,
843,금호전기,001210,D,C,C,D,2023,,,,
842,금호타이어,073240,A,A,A+,B+,2023,,,,
841,기신정기,092440,D,D,D,D,2023,,,,
840,기아,000270,B,A,A+,C,2023,,,,
839,기업은행,024110,A,A+,A+,A,2023,,,,
838,까뮤이앤씨,013700,C,D,D,B,2023,,,,
837,깨끗한나라,004540,B+,B+,B+,B,2023,,,,
836,나노신소재,121600,C,C,C,B,2023,,,,
835,나노엔텍,039860,D,D,D,D,2023,,,,
834,나스미디어,089600,B+,B,B,A,2023,,,,
833,나우IB,293580,D,D,D,C,2023,,,,
832,남광토건,001260,D,C,D,D,2023,,,,
831,남선알미늄,008350,D,C,C,D,2023,,,,
830,남성,004270,D,D,D,C,2023,,,,
829,남양유업,003920,B,B+,A,C,2023,,,,
828,남해화학,025860,C,C,C,C,2023,,,,
827,네이처셀,007390,D,C,C,D,2023,,,,
826,네패스,033640,C,C,B,D,2023,,,,
825,넥센,005720,B+,B+,A,B,2023,,,,
824,넥센타이어,002350,B+,A,A,B,2023,,,,
823,넥스틴,348210,C,D,D,B,2023,,,,
822,넥슨게임즈,225570,C,D,C,B,2023,,,,
821,넵튠,217270,C,D,C,B,2023,,,,
820,넷마블,251270,B+,B+,A,B+,2023,,,,
819,노루페인트,090350,B+,A,A+,B,2023,,,,
818,노루홀딩스,000320,A,A,A+,B+,2023,,,,
817,녹십자,006280,B+,B+,A,B,2023,,,,
816,녹십자홀딩스,005250,B+,B+,A,B+,2023,,,,
815,농심,004370,B+,A,A,B,2023,,,,
814,농심홀딩스,072710,B+,B+,A,B,2023,,,,
813,농우바이오,054050,D,D,D,C,2023,,,,
812,농협금융지주,839683,등급없음,등급없음,등급없음,A+,2023,,,,
811,농협생명보험,839723,등급없음,등급없음,등급없음,A,2023,,,,
810,농협은행,839742,등급없음,등급없음,등급없음,A,2023,,,,
809,다날,064260,D,D,D,D,2023,,,,
808,다스코,058730,C,C,C,C,2023,,,,
807,다올투자증권,030210,B+,B+,B+,B+,2023,,,,
806,다우기술,023590,B+,A,A+,B,2023,,,,
805,다우데이타,032190,C,D,C,C,2023,,,,
804,다원시스,068240,D,D,D,D,2023,,,,
803,다이나믹디자인,145210,D,D,D,D,2023,,,,
802,대교,019680,B+,C,B+,B+,2023,,,,
801,대구백화점,006370,C,D,C,B,2023,,,,
800,대구은행,005270,등급없음,등급없음,등급없음,B+,2023,,,,지배구조 등급조정(2024.07.)
799,대덕,008060,B+,A,A,B,2023,,,,
798,대덕전자,353200,A,A,A,B+,2023,,,,
797,대동,000490,C,B,A,D,2023,,,,
796,대동전자,008110,D,D,D,C,2023,,,,
795,대림비앤코,005750,C,C,C,C,2023,,,,
794,대림통상,006570,D,C,C,D,2023,,,,
793,대상,001680,A,A,A+,B+,2023,,,,
792,대상홀딩스,084690,B+,A,A+,B,2023,,,,
791,대성산업,128820,D,D,D,D,2023,,,,
790,대성에너지,117580,C,C,C,C,2023,,,,
789,대성홀딩스,016710,C,C,C,C,2023,,,,
788,대신증권,003540,B+,B,A,B+,2023,,,,
787,대양금속,009190,D,C,C,D,2023,,,,
786,대영포장,014160,D,D,C,D,2023,,,,
785,대우건설,047040,A,A+,B+,A,2023,,,사회 등급조정(2024.04.),
784,대우부품,009320,D,D,D,D,2023,,,,
783,대웅,003090,B+,A,A,B+,2023,,,,
782,대웅제약,069620,B+,A,A,B,2023,,,,
781,대원강업,000430,C,B,B+,C,2023,,,,
780,대원전선,006340,D,C,D,D,2023,,,,
779,대원제약,003220,B,C,B,B+,2023,,,,
778,대원화성,024890,D,C,D,D,2023,,,,
777,대유에이텍,002880,C,C,B,D,2023,,,,
776,대주전자재료,078600,C,B,B+,C,2023,,,,
775,대창,012800,D,C,D,D,2023,,,,
774,대창단조,015230,C,C,D,C,2023,,,,
773,대한방직,001070,C,C,D,B,2023,,,,
772,대한유화,006650,B+,B+,B+,B,2023,,,,
771,대한전선,001440,A,A,A+,B+,2023,,,,
770,대한제강,084010,C,C,C,C,2023,,,,
769,대한제당,001790,C,C,C,C,2023,,,,
768,대한제분,001130,D,C,D,D,2023,,,,
767,대한항공,003490,A,A,A+,A,2023,,,,
766,대한해운,005880,C,B,B+,D,2023,,,,
765,대한화섬,003830,C,C,D,B,2023,,,,
764,대현,016090,C,D,D,B+,2023,,,,
763,대호에이엘,069460,C,C,D,B,2023,,,,
762,더네이쳐홀딩스,298540,D,D,D,C,2023,,,,
761,더블유게임즈,192080,B,D,C,B+,2023,,,,
760,더존비즈온,012510,C,D,B,D,2023,,,,
759,덕산네오룩스,213420,C,D,B,D,2023,,,,
758,덕성,004830,C,C,D,B,2023,,,,
757,덕양산업,024900,C,D,B,D,2023,,,,
756,덴티움,145720,D,D,D,D,2023,,,,
755,도화엔지니어링,002150,B,C,B,B,2023,,,,
754,동국제약,086450,C,B,A,D,2023,,,,
753,동국홀딩스,001230,A,A,A,B+,2023,,,,
752,동남합성,023450,D,D,D,C,2023,,,,
751,동방,004140,C,C,B,D,2023,,,,
750,동방아그로,007590,C,D,C,B,2023,,,,
749,동부건설,005960,B+,B+,B+,B,2023,,,,
748,동서,026960,D,C,C,D,2023,,,,
747,동성제약,002210,C,D,C,C,2023,,,,지배구조 등급조정(2024.07.)
746,동성케미컬,102260,A,A+,A+,B+,2023,,,,
745,동아쏘시오홀딩스,000640,A,B+,A+,A,2023,,,,
744,동아에스티,170900,A,B+,A+,A,2023,,,,
743,동아지질,028100,D,D,D,D,2023,,,,
742,동아타이어,282690,D,D,D,D,2023,,,,
741,동양,001520,D,D,D,C,2023,,,,
740,동양고속,084670,C,C,D,C,2023,,,,
739,동양생명,082640,B,C,B,B+,2023,,,,
738,동양철관,008970,C,C,C,C,2023,,,,
737,동양피스톤,092780,C,C,B,D,2023,,,,
736,동원F&B,049770,B,B+,A,C,2023,,,,
735,동원금속,018500,C,C,C,C,2023,,,,
734,동원산업,006040,B+,B+,B+,B,2023,,,,
733,동원수산,030720,D,D,D,D,2023,,,,
732,동원시스템즈,014820,B,A,A,C,2023,,,,
731,동일고무벨트,163560,A,A,A,B+,2023,,,,
730,동일산업,004890,C,C,D,B,2023,,,,
729,동일제강,002690,C,C,D,C,2023,,,,
728,동진쎄미켐,005290,B,A,A,D,2023,,,,
727,동화기업,025900,D,C,D,D,2023,,,,
726,동화약품,000020,C,C,B,C,2023,,,,
725,두산,000150,B+,A,A+,B,2023,,,,
724,두산밥캣,241560,A,B,A,A,2023,,,,
723,두산에너빌리티,034020,B+,A,A+,B,2023,통합 등급조정(2024.04.),,,지배구조 등급조정(2024.04.)
722,두산테스나,131970,C,C,C,C,2023,,,,
721,두산퓨얼셀,336260,A,B+,A+,A,2023,,,,
720,두올,016740,C,C,B,D,2023,,,,
719,드림어스컴퍼니,060570,C,C,B,C,2023,,,,
718,드림텍,192650,C,C,C,B+,2023,,,,
717,디씨엠,024090,C,D,C,B,2023,,,,
716,디아이,003160,D,C,C,D,2023,,,,
715,디아이동일,001530,D,D,D,C,2023,,,,
714,디아이씨,092200,D,C,C,D,2023,,,,
713,디어유,376300,D,D,C,D,2023,,,,
712,디와이,013570,C,D,C,B,2023,,,,
711,디와이파워,210540,C,C,D,C,2023,,,,
710,라이나생명보험,885673,등급없음,등급없음,등급없음,B,2023,,,,
709,락앤락,115390,C,C,C,B,2023,,,,
708,로보스타,090360,D,D,D,C,2023,,,,
707,롯데관광개발,032350,D,D,C,D,2023,,,,
706,롯데렌탈,089860,B+,A,A,B,2023,,,,
705,롯데손해보험,000400,B+,B,B+,B+,2023,,,,
704,롯데쇼핑,023530,A,A,A+,A,2023,,,,
703,롯데에너지머티리얼즈,020150,C,B,B,C,2023,,,,
702,롯데웰푸드,280360,B+,B+,A,B+,2023,,,,
701,롯데이노베이트,286940,A,A,A+,A,2023,,,,
700,롯데정밀화학,004000,A+,A+,A+,A,2023,,,,
699,롯데지주,004990,A,A,A+,A,2023,,,,
698,롯데칠성음료,005300,A,A+,A,B+,2023,,,,
697,롯데카드,854231,등급없음,등급없음,등급없음,A,2023,,,,
696,롯데캐피탈,855981,등급없음,등급없음,등급없음,B,2023,,,,
695,롯데케미칼,011170,B+,A,A+,B,2023,,,,
694,롯데하이마트,071840,A,A,A+,A,2023,,,,
693,루트로닉,085370,C,D,C,B,2023,,,,
692,리가켐바이오,141080,C,C,C,C,2023,,,,
691,리노공업,058470,C,C,D,B,2023,,,,
690,마니커,027740,D,D,D,C,2023,,,,
689,만호제강,001080,C,C,C,B+,2023,,,,
688,매일유업,267980,A,A,A+,A,2023,,,,
687,멀티캠퍼스,067280,C,D,B,C,2023,,,,
686,메가스터디교육,215200,C,D,B,C,2023,,,,
685,메드팩토,235980,C,D,C,C,2023,,,,
684,메디톡스,086900,D,D,C,D,2023,,,,
683,메리츠금융지주,138040,B+,B,A,B+,2023,,,,
682,메리츠증권,008560,등급없음,등급없음,등급없음,B+,2023,,,,
681,메리츠캐피탈,867865,등급없음,등급없음,등급없음,B+,2023,,,,
680,메리츠화재해상보험,000060,등급없음,등급없음,등급없음,B+,2023,,,,
679,메이슨캐피탈,021880,D,D,D,D,2023,,,,
678,메지온,140410,D,D,D,D,2023,,,,
677,메타랩스,090370,D,D,D,D,2023,,,,
676,메트라이프생명보험,832969,등급없음,등급없음,등급없음,B,2023,,,,
675,명문제약,017180,C,D,D,B,2023,,,,
674,명신산업,009900,D,C,C,D,2023,,,,
673,모나리자,012690,B+,B+,A,B,2023,,,,
672,모나미,005360,D,D,C,D,2023,,,,
671,모두투어,080160,C,D,C,C,2023,,,,
670,모토닉,009680,C,C,C,B,2023,,,,
669,무림P&P,009580,B+,B+,A,B+,2023,,,,
668,무림페이퍼,009200,B+,B+,A,B,2023,,,,
667,무학,033920,C,C,D,C,2023,,,,
666,문배철강,008420,D,D,D,C,2023,,,,
665,미래산업,025560,D,C,D,D,2023,,,,
664,미래아이앤지,007120,D,D,D,D,2023,,,,
663,미래에셋벤처투자,100790,D,D,D,C,2023,,,,
662,미래에셋생명,085620,B+,B,B+,B+,2023,,,,
661,미래에셋증권,006800,A,A,A+,B+,2023,,,,
660,미래에셋캐피탈,840265,등급없음,등급없음,등급없음,B+,2023,,,,
659,미원상사,002840,C,C,D,B,2023,,,,
658,미원에스씨,268280,C,B,B+,C,2023,,,,
657,미원홀딩스,107590,C,C,B,D,2023,,,,
656,미원화학,134380,C,C,C,C,2023,,,,
655,미창석유공업,003650,D,C,D,D,2023,,,,
654,바이넥스,053030,D,D,D,D,2023,,,,
653,바이오니아,064550,D,D,D,C,2023,,,,
652,박셀바이오,323990,D,D,D,C,2023,,,,
651,방림,003610,C,C,D,C,2023,,,,
650,백광산업,001340,D,C,D,D,2023,,,,
649,백산,035150,D,C,C,D,2023,,,,
648,범양건영,002410,D,D,C,D,2023,,,,
647,벽산,007210,C,B+,B+,D,2023,,,,
646,보락,002760,D,D,D,C,2023,,,,
645,보령,003850,B+,A,A,B,2023,,,,
644,보해양조,000890,D,D,D,D,2023,,,,
643,부광약품,003000,B+,B,A,B+,2023,,,,
642,부국증권,001270,C,D,B,C,2023,,,,
641,부국철강,026940,D,D,D,D,2023,,,,
640,부산산업,011390,D,C,D,D,2023,,,,
639,부산은행,005280,등급없음,등급없음,등급없음,B+,2023,,,,
638,부산주공,005030,C,C,C,C,2023,,,,
637,비비안,002070,D,D,D,D,2023,,,,
636,비상교육,100220,B,D,B,B,2023,,,,
635,비에이치,090460,C,B+,A,D,2023,,,,
634,비엠더블유파이낸셜서비스코리아,878437,등급없음,등급없음,등급없음,C,2023,,,,
633,비케이탑스,030790,D,D,D,D,2023,,,,
632,빙그레,005180,A,A,A+,B+,2023,,,,
631,사람인,143240,C,D,C,C,2023,,,,
630,사조대림,003960,B,B+,A,C,2023,,,,
629,사조동아원,008040,C,B+,B,C,2023,,,,
628,사조산업,007160,B,B+,B+,C,2023,,,,
627,사조씨푸드,014710,B,B,B+,B,2023,,,,
626,사조오양,006090,C,B,B+,C,2023,,,,
625,산은캐피탈,008270,등급없음,등급없음,등급없음,B,2023,,,,
624,삼부토건,001470,C,C,C,C,2023,,,,
623,삼성E&A,028050,A,A+,A+,A,2023,,,,
622,삼성SDI,006400,A,A+,A+,B+,2023,,,,
621,삼성공조,006660,C,C,C,C,2023,,,,
620,삼성물산,028260,A+,A+,A+,A+,2023,,,,
619,삼성바이오로직스,207940,A+,A,A,A+,2023,,,,
618,삼성생명,032830,A,A+,A+,B+,2023,,,,
617,삼성에스디에스,018260,A,A,A+,B+,2023,,,,
616,삼성전기,009150,A,A,A+,A,2023,,,,
615,삼성전자,005930,A,A,A+,B+,2023,,,,
614,삼성제약,001360,D,D,D,C,2023,,,,
613,삼성중공업,010140,A,A,A+,B+,2023,,,,
612,삼성증권,016360,B+,A,A+,B,2023,,,,
611,삼성출판사,068290,C,D,D,B,2023,,,,
610,삼성카드,029780,A,A+,A+,A,2023,,,,
609,삼성화재해상보험,000810,A,A,A+,A,2023,,,,
608,삼아알미늄,006110,C,C,D,C,2023,,,,
607,삼양사,145990,B+,A+,A,B,2023,,,,
606,삼양식품,003230,A,A,A+,A,2023,,,,
605,삼양통상,002170,C,C,D,B+,2023,,,,
604,삼양패키징,272550,B,B+,B+,C,2023,,,,
603,삼양홀딩스,000070,B+,A,A,B+,2023,,,,
602,삼영,003720,C,C,D,C,2023,,,,
601,삼영무역,002810,C,D,D,B+,2023,,,,
600,삼영전자공업,005680,D,C,C,D,2023,,,,
599,삼원강재,023000,B,B,B,B+,2023,,,,
598,삼익THK,004380,C,C,C,B,2023,,,,
597,삼익악기,002450,C,C,D,C,2023,,,,
596,삼일씨엔에스,004440,D,C,D,D,2023,,,,
595,삼일제약,000520,C,D,C,C,2023,,,,
594,삼정펄프,009770,D,C,C,D,2023,,,,
593,삼진제약,005500,C,D,D,B+,2023,,,,
592,삼천당제약,000250,D,D,D,D,2023,,,,
591,삼천리,004690,C,B,B,C,2023,,,,
590,삼표시멘트,038500,A,A,A+,A,2023,,,,
589,삼호개발,010960,B+,B,A,B+,2023,,,,
588,삼화왕관,004450,D,C,D,D,2023,,,,
587,삼화전기,009470,D,C,C,D,2023,,,,
586,삼화전자공업,011230,D,D,D,D,2023,,,,
585,삼화콘덴서공업,001820,D,C,C,D,2023,,,,
584,삼화페인트공업,000390,B+,B+,A,B+,2023,,,,
583,상상인,038540,D,D,C,D,2023,,,,
582,상상인증권,001290,D,D,C,D,2023,,,,
581,상신브레이크,041650,C,D,B,C,2023,,,,
580,상아프론테크,089980,C,B,B,D,2023,,,,
579,새론오토모티브,075180,D,C,D,D,2023,,,,
578,샘표,007540,C,C,B,D,2023,,,,
577,샘표식품,248170,C,C,B,D,2023,,,,
576,서부T&D,006730,D,D,D,D,2023,,,,
575,서연,007860,B+,B+,A,B+,2023,,,,
574,서연이화,200880,B+,B+,A,B,2023,,,,
573,서울도시가스,017390,C,C,B,C,2023,,,,
572,서울반도체,046890,C,C,B,C,2023,,,,
571,서울보증보험,813002,등급없음,등급없음,등급없음,B,2023,,,,
570,서울식품공업,004410,D,C,D,D,2023,,,,
569,서원,021050,C,C,D,C,2023,,,,
568,서진시스템,178320,D,C,D,D,2023,,,,
567,서흥,008490,B+,B+,A,B,2023,,,,
566,선도전기,007610,D,C,C,D,2023,,,,
565,선진,136490,B+,C,B,A,2023,,,,
564,성문전자,014910,C,C,D,C,2023,,,,
563,성보화학,003080,D,D,C,C,2023,,,,
562,성신양회,004980,B,B,A,C,2023,,,,
561,성안머티리얼스,011300,D,D,D,D,2023,,,,
560,성우하이텍,015750,D,D,C,D,2023,,,,
559,성창기업지주,000180,D,D,D,C,2023,,,,
558,세기상사,002420,C,D,D,B,2023,,,,
557,세방,004360,B+,B+,B+,B,2023,,,,
556,세방전지,004490,C,C,C,C,2023,,,,
555,세아베스틸지주,001430,A,A,A,A,2023,,,사회 등급조정(2024.07.),
554,세아제강,306200,A,B+,A,A,2023,,,,
553,세아제강지주,003030,B+,B+,A,B+,2023,,,,
552,세아특수강,019440,A,B+,A,A,2023,,,,
551,세아홀딩스,058650,B+,A,A+,B,2023,,,,
550,세우글로벌,013000,D,D,D,D,2023,,,,
549,세원이앤씨,091090,D,D,D,D,2023,,,,
548,세원정공,021820,C,C,C,C,2023,,,,
547,세이브존I&C,067830,C,D,C,C,2023,,,,
546,세진중공업,075580,C,C,D,C,2023,,,,
545,셀리버리,268600,D,D,D,D,2023,,,,
544,셀트리온,068270,B,B+,A+,C,2023,,,,
543,셀트리온제약,068760,D,D,C,D,2023,,,,
542,셀트리온헬스케어,091990,C,C,B+,D,2023,,,,
541,솔루스첨단소재,336370,B,C,B+,B,2023,,,,
540,솔루엠,248070,C,D,D,B,2023,,,,
539,솔브레인,357780,B,B+,B+,C,2023,,,,
538,솔브레인홀딩스,036830,C,B+,B+,D,2023,,,,
537,송원산업,004430,C,B+,B+,D,2023,,,,
536,수산중공업,017550,C,C,D,B,2023,,,,
535,스타리츠,204210,D,D,D,C,2023,,,,
534,스튜디오드래곤,253450,B+,B+,A,B+,2023,,,,
533,스틱인베스트먼트,026890,B,C,A,B,2023,,,,
532,시그네틱스,033170,D,C,C,D,2023,,,,
531,시디즈,134790,D,C,D,D,2023,,,,
530,시알홀딩스,000480,D,C,D,D,2023,,,,
529,신대양제지,016590,D,C,D,D,2023,,,,
528,신도리코,029530,C,C,D,C,2023,,,,
527,신라교역,004970,D,D,D,C,2023,,,,
526,신라젠,215600,C,D,D,B,2023,,,,
525,신성이엔지,011930,D,C,D,D,2023,,,,
524,신성통상,005390,D,D,D,D,2023,,,,
523,신세계,004170,A,A,A+,A,2023,,,,
522,신세계I&C,035510,A,A,A+,A,2023,,,,
521,신세계건설,034300,B+,B+,A,B+,2023,,,,
520,신세계인터내셔날,031430,A,A,A,A,2023,,,,
519,신세계푸드,031440,A,B+,A,A,2023,,,,
518,신송홀딩스,006880,C,D,D,B,2023,,,,
517,신영와코루,005800,D,D,D,D,2023,,,,
516,신영증권,001720,B+,B,A,B+,2023,,,,
515,신원,009270,C,C,B,D,2023,,,,
514,신일전자,002700,D,D,D,D,2023,,,,
513,신풍,002870,D,D,D,C,2023,,,,
512,신풍제약,019170,D,D,D,D,2023,,,,
511,신한라이프생명보험,828992,등급없음,등급없음,등급없음,A+,2023,,,,
510,신한은행,000010,등급없음,등급없음,등급없음,B+,2023,,,,
509,신한지주,055550,A+,A+,A+,A+,2023,,,,
508,신한카드,032710,등급없음,등급없음,등급없음,A,2023,,,,
507,신한캐피탈,811323,등급없음,등급없음,등급없음,B+,2023,,,,
506,신한투자증권,008670,등급없음,등급없음,등급없음,A,2023,,,,
505,신화인터텍,056700,C,C,C,C,2023,,,,
504,신흥,004080,C,D,C,C,2023,,,,
503,심텍,222800,B+,B+,B+,B,2023,,,,
502,쌍방울,102280,D,D,D,D,2023,,,,
501,쌍용씨앤이,003410,B+,B+,B,A,2023,,,,
500,써니전자,004770,D,C,C,D,2023,,,,
499,쎌마테라퓨틱스,015540,D,D,D,D,2023,,,,
498,씨아이에스,222080,C,C,C,C,2023,,,,
497,씨아이테크,004920,D,D,D,D,2023,,,,
496,씨에스윈드,112610,A,B+,B+,A,2023,,,,
495,씨젠,096530,B+,B+,B+,B+,2023,,,,
494,씨티알모빌리티,308170,C,D,C,B,2023,,,,
493,아난티,025980,C,B+,C,D,2023,,,,
492,아남전자,008700,D,D,C,C,2023,,,,
491,아모레퍼시픽,090430,A,A,A+,A,2023,,,,
490,아모레퍼시픽그룹,002790,A,A,A+,A,2023,,,,
489,아미코젠,092040,B,B,B+,B,2023,,,,
488,아세아,002030,A,B+,B+,A,2023,,,,
487,아세아시멘트,183190,B+,B+,A,B,2023,,,,
486,아세아제지,002310,C,B,B+,D,2023,,,,
485,아센디오,012170,D,D,D,D,2023,,,,
484,아시아나IDT,267850,D,C,C,D,2023,,,,
483,아시아나항공,020560,B+,A,A,B,2023,통합 등급조정(2024.07.),,,지배구조 등급조정(2024.07.)
482,아이마켓코리아,122900,C,C,B+,C,2023,,,,
481,아이비케이연금보험,829322,등급없음,등급없음,등급없음,B,2023,,,,
480,아이비케이캐피탈,828519,등급없음,등급없음,등급없음,B,2023,,,,
479,아이비케이투자증권,809467,등급없음,등급없음,등급없음,B,2023,,,,
478,아이에스동서,010780,B+,B+,A,B+,2023,,,,
477,아이에이치큐,003560,D,D,C,D,2023,,,,
476,아이티엠반도체,084850,B+,B+,A,B,2023,,,,
475,아주IB투자,027360,B,C,A,B,2023,,,,
474,아주스틸,139990,C,C,C,C,2023,,,,
473,안랩,053800,B+,B+,A,B+,2023,,,,
472,알루코,001780,D,C,C,D,2023,,,,
471,알테오젠,196170,C,D,B,C,2023,,,,
470,애경산업,018250,A,A,A+,A,2023,,,,
469,애경케미칼,161000,A,A,A,B+,2023,,,,
468,에넥스,011090,C,C,C,C,2023,,,,
467,에스디바이오센서,137310,D,C,C,D,2023,,,,
466,에스메디,118000,D,D,D,C,2023,,,,
465,에스앤에스텍,101490,C,D,D,B+,2023,,,,
464,에스에프에이,056190,C,C,C,B,2023,,,,
463,에스엘,005850,B+,B+,A,B+,2023,,,,
462,에스엠,041510,B+,A,A,B+,2023,,,,
461,에스엠벡셀,010580,D,D,C,C,2023,,,,
460,에스엠코어,007820,C,D,C,B,2023,,,,
459,에스원,012750,B+,B+,A,B+,2023,,,,
458,에스제이엠,123700,C,C,C,C,2023,,,,
457,에스제이엠홀딩스,025530,C,C,C,C,2023,,,,
456,에스제이지세종,033530,D,C,C,D,2023,,,,
455,에스케이바이오팜,326030,A,B+,A+,A,2023,,,,
454,에스티큐브,052020,D,D,D,C,2023,,,,
453,에스티팜,237690,A,A,A,A,2023,,,,
452,에쓰씨엔지니어링,023960,D,C,D,D,2023,,,,
451,에어부산,298690,C,C,B,D,2023,,,,
450,에이리츠,140910,C,D,D,B,2023,,,,
449,에이블씨엔씨,078520,C,C,B,C,2023,,,,
448,에이비엘바이오,298380,C,D,D,B+,2023,,,,
447,에이비엘생명보험,804337,등급없음,등급없음,등급없음,B+,2023,,,,
446,에이스테크,088800,D,D,C,C,2023,,,,
445,에이아이에이생명보험,801688,등급없음,등급없음,등급없음,B,2023,,,,
444,에이엔피,015260,D,C,D,D,2023,,,,
443,에이프로젠,007460,D,D,D,D,2023,,,,
442,에이프로젠바이오로직스,003060,D,D,D,D,2023,,,,
441,에이플러스에셋,244920,C,D,C,C,2023,,,,
440,에코마케팅,230360,C,D,C,B,2023,,,,
439,에코프로,086520,C,B+,A,D,2023,,,,
438,에코프로비엠,247540,B,B+,A,C,2023,,,,
437,에코프로에이치엔,383310,B,C,B,B+,2023,,,,
436,에프에스티,036810,C,B+,B+,D,2023,,,,
435,엔씨소프트,036570,A,B+,A,A,2023,,,,
434,엔에이치농협캐피탈,806955,등급없음,등급없음,등급없음,A,2023,,,,
433,엔에이치엔,181710,A,B+,A+,A,2023,,,,
432,엔케이,085310,C,D,C,C,2023,,,,
431,엔케이맥스,182400,D,D,D,D,2023,,,,
430,엔켐,348370,C,C,C,C,2023,,,,
429,엔피씨,004250,D,C,C,D,2023,,,,
428,엘앤씨바이오,290650,C,D,D,B+,2023,,,,
427,엘앤에프,066970,C,B,B,C,2023,,,,
426,엘에스일렉트릭,010120,A,A,A+,A,2023,,,,
425,엠씨넥스,097520,C,C,C,B,2023,,,,
424,영보화학,014440,D,C,C,D,2023,,,,
423,영원무역,111770,B+,B+,B+,B+,2023,,,,
422,영원무역홀딩스,009970,B+,B+,B+,B+,2023,,,,
421,영진약품,003520,B+,B+,A,B+,2023,,,,
420,영풍,000670,B+,B+,B+,B,2023,,,사회 등급조정(2024.04.),
419,영풍정밀,036560,B,C,B,B+,2023,,,,
418,영풍제지,006740,D,C,D,D,2023,통합 등급조정(2024.07.),,,지배구조 등급조정(2024.07.)
417,영화금속,012280,C,C,D,C,2023,,,,
416,영흥,012160,C,C,C,C,2023,,,,
415,예스코홀딩스,015360,B,C,B,B+,2023,,,,
414,오뚜기,007310,B+,B+,A,B+,2023,,,,
413,오리엔트바이오,002630,D,D,D,D,2023,,,,
412,오리온,271560,A,A,A,B+,2023,,,,
411,오리온홀딩스,001800,A,A,A,A,2023,,,,
410,오리콤,010470,B,D,C,B+,2023,,,,
409,오스코텍,039200,D,D,C,D,2023,,,,
408,와이즈버즈,273060,C,D,D,B,2023,,,,
407,와이지엔터테인먼트,122870,C,B+,A,D,2023,,,,
406,와이투솔루션,011690,C,C,C,C,2023,,,,
405,용평리조트,070960,D,C,D,D,2023,,,,
404,우리금융지주,316140,A,A+,A+,A,2023,,,,
403,우리금융캐피탈,033660,등급없음,등급없음,등급없음,B,2023,,,,
402,우리기술투자,041190,D,D,D,D,2023,,,,
401,우리은행,000030,등급없음,등급없음,등급없음,B+,2023,,,,
400,우리종금,010050,B+,B+,A,B+,2023,,,,
399,우리카드,879070,등급없음,등급없음,등급없음,B+,2023,,,,
398,우성,006980,C,D,C,C,2023,,,,
397,우신시스템,017370,C,D,D,B,2023,,,,
396,우진,105840,C,D,C,C,2023,,,,
395,우진아이엔에스,010400,C,C,D,B,2023,,,,
394,우진플라임,049800,C,C,D,C,2023,,,,
393,웅진,016880,B+,B,A,B,2023,,,,
392,웅진씽크빅,095720,B+,B+,A+,B,2023,,,,
391,원림,005820,C,C,D,C,2023,,,,
390,원익IPS,240810,B,B,B+,B,2023,,,,
389,원익QnC,074600,B+,B,A,B,2023,,,,
388,원익머트리얼즈,104830,B+,B+,A,B,2023,,,,
387,원익홀딩스,030530,C,C,B+,D,2023,,,,
386,웰바이오텍,010600,D,D,D,D,2023,,,,
385,웹젠,069080,B,D,C,B+,2023,,,,
384,위메이드,112040,C,B+,B+,C,2023,,,,
383,위지윅스튜디오,299900,D,D,D,C,2023,,,,
382,윌비스,008600,D,D,C,D,2023,,,,
381,유나이티드,033270,B,C,B,B+,2023,,,,
380,유니드,014830,B+,B+,B+,B,2023,,,,
379,유니슨,018000,C,C,C,C,2023,,,,
378,유니온,000910,C,C,C,B,2023,,,,
377,유니온머티리얼,047400,C,C,D,C,2023,,,,
376,유니켐,011330,D,C,C,D,2023,,,,
375,유니퀘스트,077500,C,D,D,B,2023,,,,
374,유니테스트,086390,C,D,C,C,2023,,,,
373,유바이오로직스,206650,D,D,C,D,2023,,,,
372,유성기업,002920,C,C,C,C,2023,,,,
371,유수홀딩스,000700,B+,B+,A,B+,2023,,,,
370,유안타증권,003470,C,C,D,B,2023,,,,
369,유엔젤,072130,D,D,D,D,2023,,,,
368,유유제약,000220,D,D,C,D,2023,,,,
367,유진기업,023410,D,C,D,D,2023,,,,
366,유진증권,001200,B,C,B,B,2023,,,,
365,유진테크,084370,B,C,B,B,2023,,,,
364,유한양행,000100,A,B+,A+,A,2023,,,,
363,유화증권,003460,C,D,C,C,2023,,,,
362,율촌화학,008730,D,C,C,D,2023,,,,
361,이건산업,008250,D,D,C,D,2023,,,,
360,이구산업,025820,C,C,D,C,2023,,,,
359,이노션,214320,B+,A,A,B+,2023,,,,
358,이녹스첨단소재,272290,B+,B+,B+,B+,2023,,,,
357,이니텍,053350,B+,B,B+,B+,2023,,,,
356,이마트,139480,A,A,B+,A,2023,,,,
355,이베스트투자증권,078020,C,D,D,B,2023,,,,
354,이수페타시스,007660,C,B,B+,C,2023,,,,
353,이수화학,005950,C,B,B,D,2023,,,,
352,이스타코,015020,D,D,D,C,2023,,,,
351,이아이디,093230,D,D,D,D,2023,,,,
350,이엔에프테크놀로지,102710,C,C,B,D,2023,,,,
349,이엔플러스,074610,D,C,D,D,2023,,,,
348,이연제약,102460,C,D,D,B+,2023,,,,
347,이오테크닉스,039030,C,C,D,B,2023,,,,
346,이오플로우,294090,C,D,C,B,2023,,,,
345,이월드,084680,D,D,D,D,2023,,,,
344,이화산업,000760,C,C,D,C,2023,,,,
343,인디에프,014990,D,D,D,C,2023,,,,
342,인바이오젠,101140,D,D,D,D,2023,,,,
341,인선이엔티,060150,B,C,B,B,2023,,,,
340,인스코비,006490,D,D,D,D,2023,,,,
339,인지컨트롤스,023800,C,C,C,C,2023,,,,
338,인천도시가스,034590,B,D,B,B+,2023,,,,
337,인크로스,216050,B,D,C,B+,2023,,,,
336,인탑스,049070,C,C,B+,C,2023,,,,
335,인터지스,129260,C,C,C,C,2023,,,,
334,인터플렉스,051370,D,C,C,D,2023,,,,
333,인텔리안테크,189300,C,D,C,B,2023,,,,
332,인팩,023810,C,C,C,B,2023,,,,
331,일동제약,249420,B+,B+,A+,B,2023,,,,
330,일동홀딩스,000230,A,B+,A+,B+,2023,,,,
329,일성건설,013360,D,C,D,D,2023,,,,
328,일성아이에스,003120,C,D,C,B,2023,,,,
327,일신방직,003200,D,C,C,D,2023,,,,
326,일신석재,007110,D,D,D,C,2023,,,,
325,일양약품,007570,C,D,C,B+,2023,,,,
324,일정실업,008500,D,D,D,C,2023,,,,
323,일진다이아,081000,D,D,D,C,2023,,,,
322,일진디스플,020760,C,C,D,C,2023,,,,
321,일진전기,103590,D,C,C,D,2023,,,,
320,일진하이솔루스,271940,C,C,B,C,2023,,,,
319,일진홀딩스,015860,B,D,C,B+,2023,,,,
318,잇츠한불,226320,C,C,C,B,2023,,,,
317,자이에스앤디,317400,C,C,B,B,2023,,,,
316,자화전자,033240,D,C,C,D,2023,,,,
315,전방,000950,D,C,C,D,2023,,,,
314,전북은행,006350,등급없음,등급없음,등급없음,B+,2023,,,,
313,제넥신,095700,D,D,C,D,2023,,,,
312,제이비우리캐피탈,818905,등급없음,등급없음,등급없음,B+,2023,,,,
311,제이에스코퍼레이션,194370,D,D,D,C,2023,,,,
310,제이준코스메틱,025620,D,D,D,D,2023,,,,
309,제일기획,030000,A,A,A+,A,2023,,,,
308,제일약품,271980,C,C,B+,D,2023,,,,
307,제일연마,001560,C,C,D,B,2023,,,,
306,제일파마홀딩스,002620,C,C,B+,D,2023,,,,
305,제주은행,006220,B+,B+,A,B+,2023,,,,
304,제주항공,089590,A,A,A+,B+,2023,,,,
303,젬백스,082270,D,C,D,D,2023,,,,
302,조광페인트,004910,C,C,B,C,2023,,,,
301,조광피혁,004700,C,D,D,B,2023,,,,
300,조비,001550,D,D,D,D,2023,,,,
299,조선선재,120030,D,D,D,D,2023,,,,
298,조일알미늄,018470,C,C,C,B,2023,,,,
297,조흥,002600,C,C,B,C,2023,,,,
296,종근당,185750,B+,A,A,B,2023,,,,
295,종근당바이오,063160,B+,A,A,B,2023,,,,
294,종근당홀딩스,001630,B+,A,A,B+,2023,,,,
293,주성엔지니어링,036930,B,B+,B+,C,2023,,,,
292,주성코퍼레이션,109070,D,C,D,D,2023,,,,
291,주연테크,044380,D,D,D,D,2023,,,,
290,지누스,013890,A,A,A,A,2023,,,,
289,지니뮤직,043610,C,D,B+,C,2023,,,,
288,지씨셀,144510,B,B,A,C,2023,,,,
287,지엠비코리아,013870,D,D,C,D,2023,,,,
286,지역난방공사,071320,A+,A+,A+,A,2023,,,,
285,진도,088790,D,D,D,D,2023,,,,
284,진양산업,003780,C,D,D,B,2023,,,,
283,진양폴리우레탄,010640,D,D,D,C,2023,,,,
282,진양홀딩스,100250,C,D,D,B,2023,,,,
281,진양화학,051630,C,C,D,C,2023,,,,
280,진에어,272450,A,A,A,A,2023,,,,
279,진원생명과학,011000,D,D,C,D,2023,,,,
278,진흥기업,002780,C,C,C,B,2023,,,,
277,차바이오텍,085660,C,D,C,C,2023,,,,
276,참엔지니어링,009310,D,D,D,D,2023,,,,
275,천보,278280,C,C,D,B,2023,,,,
274,천일고속,000650,D,C,D,D,2023,,,,
273,청호ICT,012600,D,D,D,D,2023,,,,
272,체시스,033250,D,C,D,D,2023,,,,
271,카나리아바이오,016790,D,D,D,D,2023,,,,
270,카카오,035720,A,A+,A+,B+,2023,,,,지배구조 등급조정(2024.01.)
269,카카오게임즈,293490,A,A,A+,A,2023,,,,
268,카카오뱅크,323410,B+,B+,A,B+,2023,,,,
267,카카오페이,377300,A,A,A+,A,2023,,,,
266,카프로,006380,C,C,C,C,2023,,,,
265,커넥트웨이브,119860,C,D,C,C,2023,,,,
264,컴투스,078340,B+,B,A,B+,2023,,,,
263,케어젠,214370,B,C,C,B+,2023,,,,
262,케이디비생명보험,807958,등급없음,등급없음,등급없음,B,2023,,,,
261,케이뱅크,800172,등급없음,등급없음,등급없음,A,2023,,,,
260,케이비국민카드,861717,등급없음,등급없음,등급없음,A,2023,,,,
259,케이비라이프생명보험,839185,등급없음,등급없음,등급없음,A,2023,,,,
258,케이비아이동국실업,001620,D,D,D,D,2023,,,,
257,케이비증권,003450,등급없음,등급없음,등급없음,A,2023,,,,
256,케이비캐피탈,021960,등급없음,등급없음,등급없음,A,2023,,,,
255,케이씨,029460,C,C,A,D,2023,,,,
254,케이씨씨,002380,A,A,A,B+,2023,,,,
253,케이씨씨글라스,344820,A,A,A+,A,2023,,,,
252,케이씨텍,281820,B,C,B,B,2023,,,,
251,케이씨티시,009070,D,C,C,D,2023,,,,
250,케이엠더블유,032500,C,C,B,C,2023,,,,
249,케이지에코솔루션,151860,D,D,D,D,2023,,,,
248,케이카,381970,B,C,B,B,2023,,,,
247,케이탑리츠,145270,D,D,D,D,2023,,,,
246,케이티,030200,A,B+,A,A,2023,,,사회 등급조정(2023.10.),
245,케이티스카이라이프,053210,B+,B+,A,B+,2023,,,,
244,케이티알파,036030,B+,C,A,B+,2023,,,,
243,케이티앤지,033780,A+,A+,A+,A+,2023,,,,
242,코리아써키트,007810,D,C,C,D,2023,,,,
241,코리아에셋투자증권,190650,D,D,D,C,2023,,,,
240,코리안리,003690,A,A,A,A,2023,,,,
239,코미코,183300,B+,A,B+,B+,2023,,,,
238,코미팜,041960,C,C,C,C,2023,,,,
237,코스맥스,192820,B,A,A,D,2023,,,,
236,코스맥스비티아이,044820,B,A,A,C,2023,,,,
235,코스모신소재,005070,C,C,C,C,2023,,,,
234,코스모화학,005420,D,C,C,D,2023,,,,
233,코아스,071950,B,C,C,B+,2023,,,,
232,코엔텍,029960,C,C,C,B,2023,,,,
231,코오롱,002020,B+,B+,A,B,2023,,,,
230,코오롱ENP,138490,B,C,B,B+,2023,,,,
229,코오롱글로벌,003070,C,B,B+,C,2023,,,,
228,코오롱생명과학,102940,C,D,C,C,2023,,,,
227,코오롱인더,120110,B+,B+,A+,B,2023,,,,
226,코웨이,021240,A,A,A+,B+,2023,,,,
225,코웰패션,033290,D,C,D,D,2023,,,,
224,콘텐트리중앙,036420,D,D,D,D,2023,,,,
223,콜마비앤에이치,200130,B+,A,B+,B+,2023,,,,
222,콜마홀딩스,024720,A,A,A+,A,2023,,,,
221,콤텍시스템,031820,D,D,D,D,2023,,,,
220,쿠콘,294570,D,D,D,C,2023,,,,
219,쿠쿠홀딩스,192400,D,D,C,D,2023,,,,
218,쿠쿠홈시스,284740,D,D,C,D,2023,,,,
217,큐캐피탈,016600,D,D,D,D,2023,,,,
216,크라운제과,264900,C,C,B,C,2023,,,,
215,크라운해태홀딩스,005740,D,C,C,D,2023,,,,
214,크래프톤,259960,B+,C,A,A,2023,,,,
213,크리스에프앤씨,110790,D,D,D,C,2023,,,,
212,클래시스,214150,B+,B,A,B+,2023,,,,
211,키다리스튜디오,020120,D,D,D,D,2023,,,,
210,키움증권,039490,B+,B,A,B,2023,,,,
209,태경비케이,014580,C,C,C,C,2023,,,,
208,태경산업,015890,C,C,C,C,2023,,,,
207,태경케미컬,006890,D,D,D,D,2023,,,,
206,태광산업,003240,C,C,C,C,2023,,,,
205,태림포장,011280,B,A,A,D,2023,,,,
204,태양금속공업,004100,D,C,C,D,2023,,,,
203,태영건설,009410,A,A,A,B+,2023,,,,
202,태원물산,001420,D,D,D,D,2023,,,,
201,테스,095610,B+,B,A,B+,2023,,,,
200,테이팩스,055490,A,A,A,B+,2023,,,,
199,텔코웨어,078000,C,D,D,B,2023,,,,
198,토니모리,214420,C,D,D,B,2023,,,,
197,토스뱅크,801671,등급없음,등급없음,등급없음,B,2023,,,,
196,티비에이치글로벌,084870,D,D,D,C,2023,,,,
195,티씨케이,064760,B,B,B+,B,2023,,,,
194,티에스이,131290,C,D,C,C,2023,,,,
193,티에이치엔,019180,C,C,B,C,2023,,,,
192,티와이홀딩스,363280,B+,A,A,B,2023,,,,
191,티웨이항공,091810,B,B,C,B,2023,,,,
190,티웨이홀딩스,004870,D,C,C,D,2023,,,,
189,티케이지휴켐스,069260,B+,B+,A,B,2023,,,,
188,티케이케미칼,104480,D,C,C,D,2023,,,,
187,파라다이스,034230,C,D,C,C,2023,,,,
186,파마리서치,214450,B,C,B,B+,2023,,,,
185,파미셀,005690,D,C,D,D,2023,,,,
184,파크시스템스,140860,C,C,D,C,2023,,,,
183,파트론,091700,D,C,D,D,2023,,,,
182,팜스코,036580,A,B+,A,A,2023,,,,
181,팜젠사이언스,004720,D,D,C,D,2023,,,,
180,팬오션,028670,A,A+,A,A,2023,,,,
179,퍼스텍,010820,C,C,C,C,2023,,,,
178,퍼시스,016800,D,C,C,D,2023,,,,
177,펄어비스,263750,B+,B,A,B,2023,,,,
176,페이퍼코리아,001020,D,C,C,D,2023,,,,
175,평화산업,090080,D,D,C,C,2023,,,,
174,평화홀딩스,010770,C,D,C,B+,2023,,,,
173,포스코DX,022100,A,A,A+,A,2023,,,,
172,포스코스틸리온,058430,A,A,A+,B+,2023,,,,
171,포스코엠텍,009520,A,A,A+,B+,2023,,,,
170,포스코인터내셔널,047050,A,A,A+,A,2023,,,,
169,포스코퓨처엠,003670,A,A,A+,A,2023,,,,
168,푸본현대생명보험,860086,등급없음,등급없음,등급없음,B+,2023,,,,
167,풀무원,017810,A,A,A+,A,2023,,,,
166,풍산,103140,B+,B+,B+,B+,2023,,,,
165,풍산홀딩스,005810,B+,B+,B+,B+,2023,,,,
164,플레이그램,009810,D,D,D,D,2023,,,,
163,플레이디,237820,B+,B,B,B+,2023,,,,
162,플루토스,019570,D,D,D,D,2023,,,,
161,피에스케이,319660,C,C,B+,C,2023,,,,
160,피엔티,137400,C,D,C,B,2023,,,,
159,하나금융지주,086790,A,A+,A+,A,2023,,,,
158,하나마이크론,067310,C,B+,A,D,2023,,,,
157,하나머티리얼즈,166090,B,B+,A,C,2023,,,,
156,하나생명보험,800845,등급없음,등급없음,등급없음,B,2023,,,,
155,하나은행,004940,등급없음,등급없음,등급없음,A,2023,,,,
154,하나제약,293480,C,D,C,C,2023,,,,
153,하나증권,805992,등급없음,등급없음,등급없음,B+,2023,,,,
152,하나카드,856659,등급없음,등급없음,등급없음,B,2023,,,,
151,하나캐피탈,809337,등급없음,등급없음,등급없음,B+,2023,,,,
150,하나투어,039130,B+,B+,A,B+,2023,,,,
149,하림,136480,A,A,B+,A,2023,,,,
148,하림지주,003380,B+,A,A,B+,2023,,,,
147,하이브,352820,C,B,B+,C,2023,,,,
146,하이스틸,071090,C,C,C,C,2023,,,,
145,하이투자증권,814270,등급없음,등급없음,등급없음,B+,2023,,,,
144,하이트진로,000080,B,A,A,C,2023,,,,
143,하이트진로홀딩스,000140,B+,A,A,B,2023,,,,
142,한국가스공사,036460,A,A,A+,B+,2023,,,,
141,한국공항,005430,B+,A,B,B+,2023,,,,
140,한국금융지주,071050,B+,C,B+,B+,2023,,,,
139,한국내화,010040,C,B+,B+,D,2023,,,,
138,한국단자공업,025540,C,C,B,C,2023,,,,
137,한국무브넥스,010100,C,C,C,C,2023,,,,
136,한국비엔씨,256840,D,D,D,D,2023,,,,
135,한국석유공업,004090,B+,B+,B+,B+,2023,,,,
134,한국수출포장공업,002200,D,C,D,D,2023,,,,
133,한국쉘석유,002960,C,C,C,B+,2023,,,,
132,한국스탠다드차타드은행,000110,등급없음,등급없음,등급없음,A+,2023,,,,
131,한국씨티은행,016830,등급없음,등급없음,등급없음,B+,2023,,,,
130,한국앤컴퍼니,000240,B+,B+,A,B+,2023,,,,
129,한국자산신탁,123890,C,C,C,B,2023,,,,
128,한국전력공사,015760,B+,B,A,A,2023,,,,
127,한국전자홀딩스,006200,D,C,C,D,2023,,,,
126,한국정보인증,053300,D,D,C,D,2023,,,,
125,한국제지,027970,C,C,C,C,2023,,,,
124,한국종합기술,023350,C,C,C,B,2023,,,,
123,한국주강,025890,D,D,D,D,2023,,,,
122,한국주철관공업,000970,D,C,D,D,2023,,,,
121,한국철강,104700,C,C,D,B,2023,,,,
120,한국카본,017960,B,B+,B+,C,2023,,,,
119,한국캐피탈,023760,D,D,D,C,2023,,,,
118,한국콜마,161890,A,A,A+,A,2023,,,,
117,한국타이어앤테크놀로지,161390,B,B+,A+,D,2023,,환경 등급조정(2023.10.),,
116,한국토지신탁,034830,C,D,C,B,2023,,,,
115,한국투자증권,804504,등급없음,등급없음,등급없음,B,2023,,,,
114,한국특강,007280,C,C,C,C,2023,,,,
113,한국항공우주,047810,B+,B+,A,B+,2023,통합 등급조정(2023.10.),,,지배구조 등급조정(2023.10.)
112,한국화장품,123690,D,D,C,D,2023,,,,
111,한국화장품제조,003350,D,D,C,D,2023,,,,
110,한글과컴퓨터,030520,C,D,D,B,2023,,,,
109,한농화성,011500,D,C,C,D,2023,,,,
108,한독,002390,A,A,A+,B+,2023,,,,
107,한미글로벌,053690,B+,A,A+,B,2023,,,,
106,한미반도체,042700,D,D,D,C,2023,,,,
105,한미사이언스,008930,B+,A,A,B,2023,,,,
104,한미약품,128940,B+,A,A,B,2023,,,,
103,한샘,009240,A,A,A,A,2023,,,,
102,한섬,020000,A,A,A+,A,2023,,,,
101,한성기업,003680,C,B,B,D,2023,,,,
100,한세실업,105630,B+,B+,A,B+,2023,,,,
99,한세엠케이,069640,C,B,B+,C,2023,,,,
98,한세예스24홀딩스,016450,A,B+,A,A,2023,,,,
97,한솔로지스틱스,009180,B,C,B+,B+,2023,,,,
96,한솔제지,213500,A,A,A,A,2023,,,,
95,한솔케미칼,014680,B+,B+,B+,B+,2023,,,,
94,한솔테크닉스,004710,B+,B+,A,B+,2023,,,,
93,한솔피엔에스,010420,B+,B,B,A,2023,,,,
92,한솔홀딩스,004150,A,B+,A,A,2023,,,,
91,한솔홈데코,025750,B+,B+,B+,B+,2023,,,,
90,한신공영,004960,D,C,C,D,2023,,,,
89,한신기계공업,011700,D,C,D,D,2023,,,,
88,한양증권,001750,C,D,B,C,2023,,,,
87,한온시스템,018880,B+,B+,A+,B,2023,,,,
86,한올바이오파마,009420,B,B,D,B+,2023,,,,
85,한익스프레스,014130,C,C,C,C,2023,,,,
84,한일시멘트,300720,A,A,A+,B+,2023,,,,
83,한일철강,002220,D,D,D,D,2023,,,,
82,한일현대시멘트,006390,B+,A,A+,B,2023,,,,
81,한일홀딩스,003300,A,A,A+,B+,2023,,,,
80,한전KPS,051600,A,A,A,A,2023,,,,
79,한전기술,052690,A,B+,A+,A,2023,,,,
78,한전산업,130660,C,C,D,B,2023,,,,
77,한진,002320,A,A,A,A,2023,,,,
76,한진중공업홀딩스,003480,C,D,C,B+,2023,,,,
75,한진칼,180640,A,A,A+,A,2023,,,,
74,한창,005110,D,D,D,D,2023,,,,
73,한창제지,009460,C,C,C,C,2023,,,,
72,한컴라이프케어,372910,C,C,B,D,2023,,,,
71,한화,000880,B+,B+,B+,B+,2023,통합 등급조정(2024.01.),,사회 등급조정(2024.01.),
70,한화생명,088350,A,A,A+,B+,2023,,,,
69,한화손해보험,000370,A,A,A,A,2023,,,,
68,한화솔루션,009830,B+,A,A+,B,2023,,,,
67,한화시스템,272210,A,A,A+,A,2023,,,,
66,한화에어로스페이스,012450,A,A,A,A,2023,,,,
65,한화엔진,082740,B+,B,A,B+,2023,,,,
64,한화오션,042660,B+,B+,B+,B+,2023,,,사회 등급조정(2024.04.),
63,한화투자증권,003530,A,A,A+,B+,2023,,,,
62,해성디에스,195870,A,A,A+,B+,2023,,,,
61,해태제과식품,101530,D,D,C,D,2023,,,,
60,핸즈코퍼레이션,143210,C,C,B,D,2023,,,,
59,헬릭스미스,084990,C,D,D,B,2023,,,,
58,현대건설,000720,A,A,A,A,2023,,,사회 등급조정(2024.04.),
57,현대글로비스,086280,A+,A+,A+,A,2023,,,,
56,현대로템,064350,A,A,A+,A,2023,,,,
55,현대리바트,079430,A,A,A+,B+,2023,,,,
54,현대모비스,012330,A,A+,A+,B+,2023,,,,
53,현대바이오,048410,D,D,D,D,2023,,,,
52,현대바이오랜드,052260,A,A,A+,A,2023,,,,
51,현대백화점,069960,A+,A+,A+,A,2023,,,,
50,현대비앤지스틸,004560,B,A,B+,C,2023,,,,
49,현대약품,004310,C,C,C,B,2023,,,,
48,현대에버다임,041440,A,B+,A,A,2023,,,,
47,현대엘리베이터,017800,B+,B+,A,B+,2023,,,,
46,현대오토에버,307950,A,A+,A+,B+,2023,,,,
45,현대위아,011210,A+,A+,A+,A,2023,,,,
44,현대이지웰,090850,A,A,A+,A,2023,,,,
43,현대자동차,005380,A,A,A,B+,2023,,,,
42,현대제철,004020,A,A+,A,B+,2023,,,사회 등급조정(2024.04.),
41,현대지에프홀딩스,005440,A,A,A+,A,2023,,,,
40,현대차증권,001500,A,B+,A+,B+,2023,,,,
39,현대카드,815419,등급없음,등급없음,등급없음,A,2023,,,,
38,현대캐피탈,836248,등급없음,등급없음,등급없음,A,2023,,,,
37,현대커머셜,888975,등급없음,등급없음,등급없음,A,2023,,,,
36,현대코퍼레이션,011760,B+,B,B+,B+,2023,,,,
35,현대코퍼레이션홀딩스,227840,B+,B,B+,B+,2023,,,,
34,현대퓨처넷,126560,A,A,A+,A,2023,,,,
33,현대해상,001450,A,A,A+,A,2023,,,,
32,현대홈쇼핑,057050,A,A,A+,A,2023,,,,
31,형지엘리트,093240,D,D,D,D,2023,,,,
30,혜인,003010,D,D,D,D,2023,,,,
29,호전실업,111110,C,D,D,B,2023,,,,
28,호텔신라,008770,A,A,A,A,2023,,,,
27,화성산업,002460,C,C,C,B+,2023,,,,
26,화승알앤에이,378850,B,B,B+,B,2023,,,,
25,화승엔터프라이즈,241590,B+,B+,B+,B+,2023,,,,
24,화승인더스트리,006060,B+,B+,B+,B+,2023,,,,
23,화승코퍼레이션,013520,B,C,B,B+,2023,,,,
22,화신,010690,B+,B,A,B,2023,,,,
21,화인베스틸,133820,D,C,C,D,2023,,,,
20,화천기계,010660,C,D,C,C,2023,,,,
19,화천기공,000850,C,D,C,C,2023,,,,
18,환인제약,016580,B,C,C,B+,2023,,,,
17,황금에스티,032560,C,D,D,B,2023,,,,
16,효성,004800,A,A,A+,B+,2023,,,,
15,효성 ITX,094280,B+,B+,A+,B,2023,,,,
14,효성중공업,298040,A,A,A+,B+,2023,,,,
13,효성첨단소재,298050,A,A,A+,A,2023,,,,
12,효성티앤씨,298020,A,A+,A+,B+,2023,,,,
11,효성화학,298000,A,A,A+,B+,2023,,,,
10,후성,093370,B+,A,A,B,2023,,,,
9,휠라홀딩스,081660,A,A,A,B+,2023,,,,
8,휴니드테크놀러지스,005870,D,C,D,D,2023,,,,
7,휴비스,079980,A,B+,A+,B+,2023,,,,
6,휴스틸,005010,C,C,C,C,2023,,,,
5,휴온스,243070,B,C,B+,B+,2023,,,,
4,휴젤,145020,B,C,B+,B,2023,,,,
3,흥국생명보험,818586,등급없음,등급없음,등급없음,B+,2023,,,,
2,흥국화재,000540,B+,B,B+,B+,2023,,,,
1,흥아해운,003280,B,B,B+,B,2023,,,,