기업명,산업,사원수,기업구분,설립일,자본금,매출액,대표자,대졸초임,주요사업,4대보험,홈페이지,주소,계열사
DSR,금속·재료·자재,"1,200명",중견기업,1965.04.01 (61년차),80억원,"3,612억",홍석빈,"4,269만원 상세보기","합성섬유ROPE, 스테인리스 WIRE 및 ROPE 제조","국민연금, 고용보험, 산재보험",http://www.DSR.com,부산 강서구 녹산산업중로192번길 7 (송정동) DSR주식회사,디에스알제강그룹 DSR제강(주)
SFA반도체,전자집적회로 제조업,700명,중견기업,1998.09 (28년차),824억 8천만원 (2023.12.31),"4,092억 5천만원 (2023.12.31)",김영민,"4,400만원 상세보기","반도체패키지(SOP,DIP,QFP) 제조","국민연금, 건강보험, 고용보험, 산재보험",http://www.sfasemicon.com/,충남 천안시 서북구 백석동 555-9,디와이홀딩스그룹 (주)에스에프에이 (주)디와이홀딩스 (주)에이디엠 (주)둔포기계 (주)원파이낸스 (주)디와이프로퍼티 에스에프에이서비스(주) 씨아이에스(주) (주)디와이푸드
SK가스,기체연료 및 관련제품 도매업,614명 (2024.12.31),대기업,1985.12.20 (41년차),461억 5천만원 (2024.12.31),"4조 6,792억원 (2024.12.31)",윤병석,"3,500만원 상세보기","액화석유가스,가스기기 판매,수입,저장","국민연금, 건강보험, 고용보험, 산재보험",http://www.skgas.co.kr,서울 중구 을지로2가 203 SK G.plant,에스케이그룹 엔티스(주) 에스케이핀크스(주) 에프앤유신용정보(주) 에스케이엔펄스(주) 에스케이매직서비스(주) 삼강에스앤씨(주) 리뉴리퀴드서남(주) 에스케이엠앤서비스(주) (주)엔코아 (주)드림어스컴퍼니 행복나래(주) 리뉴에너지충북(주) (주)제이에스아이 에스케이하이이엔지(주) (주)아이에스시 더보기
강남제비스코,일반용 도료 및 관련제품 제조업,636명 (2024.12.31),중견기업,1952.07.16 (74년차),65억원 (2024.12.31),"3,130억 7천만원 (2024.12.31)",황익준/김재현,"4,433만원 상세보기","도료(페인트,락카,신나,에나멜,바니쉬),안료 제조,판매","국민연금, 건강보험, 고용보험, 산재보험",http://www.jevisco.com,"서울 서초구 서운로1길 12 (서초동, 강남빌딩)",강남그룹 (주)청산바이오텍 강남아이텍(주) 강남화성(주) (주)보광 케이엔케이코팅스(주) 강남케이피아이(주) (주)강남 강남건영(주) 경흥정기(주) (주)케이지에프 (주)케이지에프복합재료 케이에스첨단소재(주)
경농,화학 살균.살충제 및 농업용 약제 제조업,369명 (2024.12.31),중견기업,1957.07.12 (69년차),108억 4천만원 (2024.12.31),"2,140억 9천만원 (2024.12.31)",이병만/이용진,"4,000만원 상세보기","완제농약(잡초약,살충제,살균제) 제조","국민연금, 건강보험, 고용보험, 산재보험",http://www.knco.co.kr,서울 서초구 서초2동 1337-4 동오빌딩 13층,동오그룹 (주)동오홀딩스 (주)조비 글로벌아그로(주) (주)탑프레쉬 파인아그로케미칼(주) (주)동오네트웍스
골프존,기타 게임 소프트웨어 개발 및 공급업,557명 (2024.12.31),중견기업,2015.03.03 (11년차),31억 3천만원 (2024.12.31),"5,569억 6천만원 (2024.12.31)",최덕형/박강수,"2,800만원 상세보기","게임소프트웨어(골프시뮬레이터) 제작,도매/골프용품 도매/온라인정보제공/골프연습장","국민연금, 건강보험, 고용보험, 산재보험",http://company.golfzon.com,서울 강남구 영동대로 735 (청담동) 골프존타워서울,골프존뉴딘그룹 (주)골프존홀딩스 (주)지씨순천 (주)지씨경남 (주)골프존클라우드 (주)골프존카운티선운 (주)지씨진천 (주)골프존카운티자산관리 (주)지씨선산 (주)골프존커머스 (주)지씨사천 더블유에이피씨앤이(주) (주)지씨에이치피 (주)골프존미디어 로지스원(주) (주)골프존파스텔 더보기
교촌에프앤비,음식료·외식·프랜차이즈,393명,중견기업,1999.11.12 (27년차),126억원,"5,076억",송종화,"3,670만원 상세보기","외식업, 프랜차이즈 치킨 가맹사업","국민연금, 건강보험, 고용보험, 산재보험",http://www.kyochonfnb.com,경기 성남시 수정구 금토로80번길 15-3 (금토동) 교촌1991 빌딩,교촌에프앤비그룹 (주)계림물산 (주)비에이치앤바이오 (주)케이앤피푸드 케이앤엘팩(주) 농업회사법인(주)발효공방1991
그린케미칼,화학·에너지·환경,205명,중견기업,2003.01.01 (23년차),100억원,"2,862억",양준화,"5,200만원 상세보기",유기화학제품 제조,"국민연금, 건강보험, 고용보험, 산재보험",http://korgc.com,충남 서산시 대산읍 독곶2로 103 (독곶리) 그린케미칼,KPX홀딩스그룹 진양에이엠씨(주) (주)보현 (주)씨케이엔터프라이즈 진양화학(주) 진양개발(주) 진양오토모티브(주) 진양산업(주) KPX케미칼(주) 진양폴리우레탄(주) 그린생명과학(주) KPX홀딩스(주) 진양물산(주) (주)진양홀딩스 (주)건덕상사 (주)관악상사 경향흥산(주) 케이피엑스개발(주) 더보기
금호에이치티,자동차용 신품 전기장치 제조업,475명 (2024.12.31),중견기업,1989.07.01 (37년차),"1,094억 7천만원 (2024.12.31)","2,904억 6천만원 (2024.12.31)",김진곤/김두인,"3,813만원 상세보기","자동차용 전구,전기기기,LED(발광다이오드) 제조,도매","국민연금, 건강보험, 고용보험, 산재보험",http://www.kumhoht.com,전남 장성군 동화면 구림리 200-15,오성첨단소재그룹 풍전약품(주) 천지해운(주) 화일약품(주) 에코볼트(주) 오성첨단소재(주) (주)엔에스엠 (주)더블라썸묵동 카나비스메디칼(주) (주)엔에스헬스케어 에스파이낸셜대부(주) 에스맥디바이스(주)
기아,자동차·조선·철강·항공,N/A,대기업,1944.12.21 (82년차),N/A,N/A,"송호성, 최준영",N/A,자동차 및 운송수단 제조 및 판매,N/A,-,"서울 서초구 헌릉로 12 (양재동, 현대기아자동차빌딩) 기아자동차",현대자동차그룹 현대캐피탈(주) (주)서울피엠씨 현대카드(주) 현대아이에이치엘(주) 현대로템(주) (주)지아이티 현대트랜시스(주) 현대오토에버(주) 현대엔지니어링(주) 해비치호텔앤드리조트(주) 현대글로비스(주) 현대엔지비(주) 현대엠시트(주) 현대스틸산업(주) 현대첨단소재(주) 현대제철(주) 더보기
나스미디어,광고 대행업,424명,대기업,2000.03.13 (26년차),59억 6천만원 (2024.12.31),"1,425억",박평권,"3,682만원 상세보기","광고(인터넷광고)대행,정보제공,광고매체판매","국민연금, 건강보험, 고용보험, 산재보험",http://www.nasmedia.co.kr,"서울 강남구 도곡로1길 14 (역삼동, 삼일프라자오피스텔) 3층, 4층, 5층",케이티그룹 (주)케이티지니뮤직 (주)스마트로 이니텍(주) (주)케이티스카이라이프 브이피(주) (주)케이티아이에스 (주)케이티씨에스 케이티커머스(주) (주)케이티이엔에이 케이티텔레캅(주) (주)케이티엠앤에스 케이티링커스(주) (주)케이티 (주)케이티엔지니어링 비씨카드(주) (주)케이티엠오에스남부 더보기
네오위즈,기타 게임 소프트웨어 개발 및 공급업,955명 (2024.12.31),중견기업,2007.04.26 (19년차),110억 1천만원 (2024.12.31),"2,842억 3천만원 (2024.12.31)",김승철/배태근,"4,350만원 상세보기","캐주얼 게임,웹보드 개발","국민연금, 건강보험, 고용보험, 산재보험",http://www.neowiz.com/neowiz,"경기 성남시 분당구 대왕판교로645번길 14 (삼평동, 네오위즈) 네오위즈판교타워 네오위즈",네오위즈홀딩스그룹 (주)네오위즈파트너스 (주)네오위즈홀딩스 지온인베스트먼트(주) (주)티앤케이팩토리 (주)겜플리트 (주)스티키핸즈 (주)네오팝 (주)하이디어 (주)파우게임즈 (주)슈퍼플렉스 (주)네오위즈스포츠 (주)에스에이치인터렉티브 (주)에이치랩코리아 (주)퀵윈스튜디오
네패스,"다이오드, 트랜지스터 및 유사 반도체소자 제조업","1,101명 (2024.12.31)",중견기업,1990.12.27 (36년차),116억 2천만원 (2024.12.31),"3,362억 7천만원 (2024.12.31)",이병구/이창우,"3,967만원 상세보기",반도체부품 제조,"국민연금, 건강보험, 고용보험, 산재보험",http://www.nepes.co.kr,충북 청주시 청원구 오창읍 송대리 311-2 네패스,네패스그룹 (주)네패스이앤씨 이리도스(주) (주)네패스야하드 (주)네패스아크 (주)네패스라웨 (주)네패스루아
대교,방문 교육 학원,"2,362명 (2024.12.31)",중견기업,1986.12.20 (40년차),520억 6천만원 (2024.12.31),"5,636억 9백만원 (2024.12.31)",강호준,"3,547만원 상세보기","학습지,참고서 출판/건설업/종합유선방송 프로그램공급,디지털학원","국민연금, 건강보험, 고용보험, 산재보험",http://www.daekyo.com,서울 관악구 봉천동 729-21,대교그룹 (주)대교디앤에스 (주)대교에듀베이션 (주)대교씨엔에스 (주)대교이앤씨 (주)대교홀딩스 (주)강원심층수 (주)대교씨에스에이 (주)대교에듀캠프 (주)크리스탈와인컬렉션 (주)크리스탈앤컴퍼니 (주)미머디 농업회사법인(주)위더그린 (주)하울팟 (주)키즈스콜레 (주)디케이울산 디피니션(주) 더보기
대원제약,완제 의약품 제조업,"1,317명 (2024.12.31)",중견기업,1961.08.09 (65년차),112억 1천만원 (2024.12.31),"5,360억 8천만원 (2024.12.31)",백승열/백조나단인,"3,816만원 상세보기","의약품(해열소염진통제,진해거담제,동맥경화용제,혈압강하제 등),건강기능식품(프로바이오틱스 등) 제조,도매","국민연금, 건강보험, 고용보험, 산재보험",http://www.daewonpharm.com,서울 성동구 용답동 229-3 대원제약,대원제약그룹 대원헬스케어(주) (주)에스디생명공학 (주)대원바이오텍
더존비즈온,컴퓨터 프로그래밍 서비스업,"1,721명",중견기업,1977.08.20 (49년차),157억 3천만원 (2024.12.31),"2,976억",김용우,N/A,"기업용 솔루션 판매,유지보수","국민연금, 건강보험, 고용보험, 산재보험",http://www.douzone.com/,강원 춘천시 남산면 수동리 749번지 더존IT그룹 강촌캠퍼스,더존ICT그룹 (주)키컴 (주)전자신문인터넷 (주)더존넥스트 (주)더존이엔에이치 (주)더존비앤에프 (주)비즈니스워치 (주)전자신문사 (주)휴앤락그룹 (주)더존비앤씨티 (주)테크핀레이팅스
동일고무벨트,산업용 그 외 비경화 고무제품 제조업,554명 (2024.12.31),중견기업,2012.10.05 (14년차),69억 5천만원 (2024.12.31),"3,296억 5천만원 (2024.12.31)",타니야마켄,N/A,"고무벨트,산업용고무제품,종합고무부품 제조/환경오염방지시설공사,미장방수공사,철물공사/정보통신사업/연구,개발","국민연금, 건강보험, 고용보험, 산재보험",http://www.drb-industrial.com,"부산 금정구 공단동로55번길 28 (금사동, 동일고무벨",디알비동일그룹 세일기업(주) (주)디알비동일 디알비오토메이션(주) 디알비유니온벨티노(주) 디알비인터내셔널(주) 와이어드기업재무안정사모투자(자) 디알비오토모티브(주) 와이어드기업재무안정(유)
동화기업,강화 및 재생 목재 제조업,734명 (2024.12.31),중견기업,1948.04.02 (78년차),106억 1천만원 (2024.12.31),"4,377억 2천만원 (2024.12.31)",채광병,"4,500만원 상세보기","목재 MDF,PB,강화마루,제재목,데크재,화학제품 제조,판매","국민연금, 건강보험, 고용보험, 산재보험",http://www.dongwha.com,서울 영등포구 여의도동 26-3 원창빌딩,동화그룹 태양합성(주) (주)한국일보사 엠파크(주) 엠파크오토서비스(주) (주)코리아타임스 동화일렉트로라이트(주) 엠파크서비스(주) (주)동그람이 디더블유미디어홀딩스(주) 몽베르컨트리클럽(주) 몽베르(주) (주)글로벌이앤비
롯데관광개발,N/A,N/A,N/A,N/A,N/A,N/A,N/A,N/A,N/A,N/A,N/A,N/A,N/A
메디톡스,제약·보건·바이오,690명,중견기업,2000.05.02 (26년차),38억 6천만원 (2024.12.31),"2,054억 4천만",정현호,N/A,바이오의약품 연구개발/제조/판매,"국민연금, 건강보험, 고용보험, 산재보험",http://www.medytox.com,충북 청원군 오창읍 각리 641-4,메디톡스그룹 (주)하이웨이원 (주)벙커엠 (주)메디톡스벤처투자 (주)뉴메코 (주)리비옴
모두투어,호텔·여행·항공,N/A,중견기업,1989.02.14 (37년차),N/A,N/A,우종웅,"3,400만원 상세보기","여행알선업, 항공권 판매업","국민연금, 건강보험, 고용보험, 산재보험",http://www.modetournetwork.com,서울 중구 을지로1가 188-3호 백남빌딩 5층,N/A
모트렉스,N/A,N/A,N/A,N/A,N/A,N/A,N/A,N/A,N/A,N/A,N/A,N/A,N/A
미원상사,화학·에너지·환경,753명,중견기업,1959.11.03 (67년차),N/A,"약 4,213억",강신우,"4,212만원 상세보기","계면활성제, 디스플레이재료, 반도체재료, UV/EB경화제, 황산/유황, 타이어용접착제 등","국민연금, 건강보험, 고용보험, 산재보험",http://www.mwc.co.kr,경기 안양시 만안구 석수동 325-1,미원상사그룹 (주)잉크테크 미성종합물산(주) (주)비드테크 태광정밀화학(주) 미성통상(주) (주)동남합성 미화물류(주) 미원홀딩스(주) 미성코스메틱(주) 미원화학(주) 미원스페셜티케미칼(주)
벽산,그 외 기타 분류 안된 비금속 광물제품 제조업,420명,중견기업,1951 (75년차),342억 8천만원 (2024.12.31),"3,508억원",김성식,"3,000만원 상세보기","단열재,천장재,외장재,내장재,외단열,바닥재 제조","국민연금, 건강보험, 고용보험, 산재보험",http://www.byucksan.com,서울 중구 광희동1가 216 광희빌딩 14층,벽산그룹 (주)하츠 벽산페인트(주) (주)인희 벽산엘티씨엔터프라이즈(주) 인주로지스(주) (주)다솔유알 (주)디에스리사이클
비상교육,교과서 및 학습서적 출판업,"1,074명",대기업,1997.12.01 (29년차),64억 9천만원 (2024.12.31),"2,382억 6천만원 (2024.12.31)",양태회,N/A,"참고서 출판/소프트웨어 개발,공급","국민연금, 건강보험, 고용보험, 산재보험",http://www.visang.com,경기 과천시 갈현동 그라운드브이,비상교육그룹 (주)비상캠퍼스 (주)테라북스 (주)비상교과서
삼양식품,"면류, 마카로니 및 유사식품 제조업","2,379명 (2024.12.31)",중견기업,1961.09.15 (65년차),376억 6천만원 (2024.12.31),"1조 4,262억원 (2024.12.31)",김정수/김동찬,"4,228만원 상세보기","라면,스낵,유제품,장유,식용유,사료,향신료,건강음료(루이보스 티) 제조,도매","국민연금, 건강보험, 고용보험, 산재보험",http://www.samyangfoods.com,서울 성북구 하월곡동 82-9 삼양식품(주),삼양식품그룹 삼양스퀘어밀(주) 삼양로지스틱스(주) 삼양라운드힐(주) 알이알(주) 삼양라운드스퀘어(주) (주)삼양스퀘어팩 삼양베이커탱크터미널(주) (주)삼양라운드어스 삼양제분(주) (주)삼양에스테이트 삼양애니(주)
삼익THK,구름베어링 제조업,733명 (2024.12.31),중견기업,1965.10.05 (61년차),105억원 (2024.12.31),"3,035억 6천만원 (2024.12.31)",진영환,"3,600만원 상세보기","직선운동시스템,메카트로시스템,기타정밀 자동화기기 제조,판매/전자상거래,인터넷 관련 s/w,h/w 개발,판매,유지보수","국민연금, 건강보험, 고용보험, 산재보험",http://www.samickthk.co.kr,대구 달서구 성서동로 163 (월암동) 삼익THK주식회사,삼익그룹 삼익정공(주) 삼익에스디티(주) 삼익에이치디에스(주) 삼익키리우(주) 삼익에이디엠(주) 삼익매츠벤처스(주)
삼화왕관,금속 캔 및 기타 포장용기 제조업,202명 (2024.12.31),중견기업,1965.05.02 (61년차),107억 7천만원 (2024.12.31),"1,325억 4천만원 (2024.12.31)",고기영,"4,000만원 상세보기","납세용일반병마개,알루미늄캡,플라스틱캡 제조,판매,금속인쇄,수출","국민연금, 건강보험, 고용보험, 산재보험",http://www.samhwacrown.com,서울 송파구 잠실동 294-11 금비빌딩,금비그룹 우천개발(주) (주)금비비앤피 (주)금비 (주)명미인터내셔널 (주)신우
상신브레이크,자동차·조선·철강·항공,650명,대기업,1975 (51년차),107억원,3010억,박세종,"4,200만원 상세보기",자동차 부품(브레이크관련) 생산 및 판매,"국민연금, 건강보험, 고용보험, 산재보험",http://www.sangsin.com,대구 달성군 논공읍 상신브레이크건물 북리 1-37,상신브레이크그룹 듀오정보(주) 산도브레이크(주) 산도테크(주) 보보스링크(주) 상신이엔지(주) 에이비테크(주)
샘표,장류 제조업,700명,중견기업,1946.08.20 (80년차),22억 8천만원 (2024.12.31),"3,947억 2천만원 (2024.12.31)",박진선,N/A,"장류 제조,도소매,무역,연구개발","국민연금, 건강보험, 고용보험, 산재보험",http://www.sempio.com,서울 중구 필동1가 51-9,샘표그룹 조치원식품(주) 양포식품(주) 샘표(주) (주)샘표아이에스피 (주)명진포장 (주)누리팩 통도물류(주) 성도물류(주)
샘표식품,장류 제조업,700명,중견기업,1946.08.20 (80년차),22억 8천만원 (2024.12.31),"3,947억 2천만원 (2024.12.31)",박진선,N/A,"장류 제조,도소매,무역,연구개발","국민연금, 건강보험, 고용보험, 산재보험",http://www.sempio.com,서울 중구 필동1가 51-9,샘표그룹 조치원식품(주) 양포식품(주) 샘표(주) (주)샘표아이에스피 (주)명진포장 (주)누리팩 통도물류(주) 성도물류(주)
신성델타테크,N/A,N/A,N/A,N/A,N/A,N/A,N/A,N/A,N/A,N/A,N/A,N/A,N/A
신풍,완제 의약품 제조업,832명 (2024.12.31),중견기업,1986.07.23 (40년차),275억 9천만원 (2024.12.31),"2,066억 4천만원 (2024.12.31)",유제만,"3,903만원 상세보기","의약품(항생제,혈전용해제,향정신성약품,구충제) 제조,판매","국민연금, 건강보험, 고용보험, 산재보험",http://www.shinpoong.co.kr,서울 강남구 역삼1동 748-31번지 신풍제약 마케팅부,송암사그룹 (주)송암사 (주)에스피인터내셔널 (주)이플라스크
신풍제약,완제 의약품 제조업,832명 (2024.12.31),중견기업,1986.07.23 (40년차),275억 9천만원 (2024.12.31),"2,066억 4천만원 (2024.12.31)",유제만,"3,903만원 상세보기","의약품(항생제,혈전용해제,향정신성약품,구충제) 제조,판매","국민연금, 건강보험, 고용보험, 산재보험",http://www.shinpoong.co.kr,서울 강남구 역삼1동 748-31번지 신풍제약 마케팅부,송암사그룹 (주)송암사 (주)에스피인터내셔널 (주)이플라스크
안랩,시스템 소프트웨어 개발 및 공급업,"1,266명 (2024.12.31)",중견기업,1995.03.18 (31년차),57억 3천만원 (2024.12.31),"2,329억 7천만원 (2024.12.31)",강석균,"4,045만원 상세보기","컴퓨터바이러스 연구,백신프로그램,통합보안패키지 S/W,보안솔루션,리눅스,보안호스팅 개발","국민연금, 건강보험, 고용보험, 산재보험",http://ahnlab.com,"경기 성남시 분당구 판교역로 220 (삼평동, 안랩,쏠리드) 안랩",안랩그룹 (주)나온웍스 (주)제이슨 (주)안랩클라우드메이트 (주)안랩블록체인컴퍼니
에스엘,자동차·조선·철강·항공,"12,200명",대기업,1954 (72년차),141억 3천만원,4조5천억,이충곤,"5,800만원 상세보기","자동차부품(지능형부품, lamp, mirror, lever, pedal, module)","국민연금, 건강보험, 고용보험, 산재보험",http://www.slworld.com,경상북도 경산시 진량읍 공단6로 77 에스엘(주) 진량공장,N/A
에코프로,축전지 제조업,"1,219명 (2024.12.31)",대기업,2016.05.02 (10년차),489억 4천만원 (2024.12.31),"6,934억 4천만원 (2024.12.31)",최문호/김장우,"4,500만원 상세보기","이차전지소재 제조,도매/비주거용건물 임대","국민연금, 건강보험, 고용보험, 산재보험",http://www.ecoprobm.co.kr,충북 청주시 청원구 오창읍 2산단로 100 (송대리) 에코프로비엠,에코프로그룹 (주)에코프로 (주)제이엔테크 (주)에코프로이노베이션 (주)데이지파트너스 (주)디콤애드 (주)왕산전기 (주)셀텍 (주)에코프로머티리얼즈 (주)에코프로에이피 광인전력(주) (주)에코프로이엠 (주)에코프로씨엔지 (주)에코프로파트너스 (주)해파랑우리 (주)에코로지스틱스 더보기
에코프로비엠,축전지 제조업,"1,219명 (2024.12.31)",대기업,2016.05.02 (10년차),489억 4천만원 (2024.12.31),"6,934억 4천만원 (2024.12.31)",최문호/김장우,"4,500만원 상세보기","이차전지소재 제조,도매/비주거용건물 임대","국민연금, 건강보험, 고용보험, 산재보험",http://www.ecoprobm.co.kr,충북 청주시 청원구 오창읍 2산단로 100 (송대리) 에코프로비엠,에코프로그룹 (주)에코프로 (주)제이엔테크 (주)에코프로이노베이션 (주)데이지파트너스 (주)디콤애드 (주)왕산전기 (주)셀텍 (주)에코프로머티리얼즈 (주)에코프로에이피 광인전력(주) (주)에코프로이엠 (주)에코프로씨엔지 (주)에코프로파트너스 (주)해파랑우리 (주)에코로지스틱스 더보기
엠로,솔루션·SI·CRM·ERP,285명,중소기업,2000.03.02 (26년차),-,-,송재민,"4,185만원 상세보기","기업용 공급망관리 소프트웨어, AI 디지털혁신 소프트웨어, 공급망관리 클라우드 서비스 개발","국민연금, 건강보험, 고용보험, 산재보험",http://www.emro.co.kr,"서울 영등포구 당산로41길 11 (당산동4가, 당산SKV1center) E동 5층",N/A
우성,배합 사료 제조업,300명,중견기업,1968.12.27 (58년차),154억원,6800억,한재규,"3,550만원 상세보기","배합사료,Suit-feed(맞춤 TMR(육성우,건유우,착유우) 사료),농후사료,곡류(강피류 등 부산물) 제조,판매/부동산 임대,무역","국민연금, 건강보험, 고용보험, 산재보험",http://www.wsgroup.co.kr,대전 대덕구 오정동 62-1 우성빌딩 7층,우성그룹 (주)대전방송 우성운수(주) (주)우성양행 (주)우성푸드 (주)우성유통 (주)우성사료
웹젠,게임·애니메이션,750명,중견기업,2000.04.28 (26년차),176억 5천만원,"2,845억",김태영,N/A,온라인 게임 개발 및 서비스,"국민연금, 건강보험, 고용보험, 산재보험",http://company.webzen.com,경기 성남시 분당구 판교로 242 (삼평동) 판교디지털센터 B동,웹젠그룹 (주)웹젠캠프 (주)웹젠온네트 (주)웹젠메가스톤 (주)웹젠레드스타 (주)웹젠레드코어 (주)웹젠애플트리 (주)웹젠큐브 (주)웹젠노바 (주)웹젠넥스트 (주)웹젠크레빅스
유니퀘스트,상품 종합 도매업,223명 (2024.12.31),중견기업,1995.11.25 (31년차),114억 9천만원 (2024.12.31),"7,104억 8천만원 (2024.12.31)",앤드류김,"4,000만원 상세보기","반도체직접회로 도매,무역,제조","국민연금, 건강보험, 고용보험, 산재보험",http://www.uniquest.co.kr,"경기 성남시 분당구 황새울로 314 (서현동, 유니퀘스트사옥) 유니퀘스트빌딩",유니퀘스트그룹 (주)드림텍 (주)에이아이매틱스 (주)나무가 (주)이트레이스 엑센도(주) (유)제이에스산업개발 성남마이스피에프브이(주)
유니테스트,반도체·디스플레이·광학,210명,중견기업,2000.03.21 (26년차),105억 6천만원,2823억,김종현,N/A,"반도체 검사장비, 태양광발전 및 LED조명 제조","국민연금, 건강보험, 고용보험, 산재보험",http://www.uni-test.com,경기 용인시 기흥구 하갈동 155-1,유니테스트그룹 (주)대양이티에스 (주)테스티안 유니솔라에너지(주) (주)헬릭스 유니청정에너지(주) 유니햇빛에너지(주) 유니그린에너지(주) (주)유니퓨전
유엔젤,N/A,N/A,N/A,N/A,N/A,N/A,N/A,N/A,N/A,N/A,N/A,N/A,N/A
이녹스첨단소재,그 외 기타 전자부품 제조업,750명 (2024.12.31),중견기업,2017.06.01 (9년차),101억 1천만원 (2024.12.31),"3,999억 8천만원 (2024.12.31)",장경호/강정태,"4,983만원 상세보기","FPCB소재,반도체,디스플레이 소재 제조","국민연금, 건강보험, 고용보험, 산재보험",http://www.innoxamc.com,충남 아산시 둔포면 아산밸리로 171 (석곡리) 이녹스첨단소재,이녹스그룹 (주)이녹스 (주)이녹스에코엠 (주)알톤 (주)아이베스트 (주)이녹스리튬 (주)아이넥스
한글과컴퓨터,컴퓨터·하드웨어·장비,434명,중견기업,1990.10.09 (36년차),122억원,"1,350억",변성준,"2,820만원 상세보기","소프트웨어,개발자문,방문교육","국민연금, 건강보험, 고용보험, 산재보험",http://www.hancom.com/,"경기 성남시 분당구 대왕판교로644번길 49 (삼평동, 한컴타워) 한글과컴퓨터",한컴위드그룹 (주)한컴위드 (주)한컴이노스트림 (주)한컴라이프케어 (주)한컴주얼리 (주)한컴금거래소 (주)유디엠 (주)리사코쥬얼리 (주)한컴유비마이크로 (주)한컴케어링크 (주)한컴인스페이스 한컴밸류인베스트먼트(주) (주)매드엑스컴퍼니 (주)한컴헬스케어 (주)아큐플라이에이아이 (주)한컴아카데미 더보기
한미사이언스,제약·보건·바이오,"2,337명",대기업,1973.06.15 (53년차),314억 5백만원,"1조 4,909억",박재현,"4,900만원 상세보기","의약품 제조 및 판매 (원료 의약품, 해외 의약품)","국민연금, 건강보험, 고용보험, 산재보험",http://hanmi.co.kr,서울 송파구 위례성대로 14 (방이동) 한미타워,N/A
한미약품,제약·보건·바이오,"2,337명",대기업,1973.06.15 (53년차),314억 5백만원,"1조 4,909억",박재현,"4,900만원 상세보기","의약품 제조 및 판매 (원료 의약품, 해외 의약품)","국민연금, 건강보험, 고용보험, 산재보험",http://hanmi.co.kr,서울 송파구 위례성대로 14 (방이동) 한미타워,N/A
한솔테크닉스,전기·전자·제어,"1,300명",대기업 계열사·자회사,1995 (31년차),-,1조,유경준,"4,500만원 상세보기","태양광모듈, 태양광인버터, 실리콘잉곳/웨이퍼, 사파이어잉곳/웨이퍼","국민연금, 건강보험, 고용보험, 산재보험",http://www.hansoltechnics.com/,충북 진천군 덕산면 한삼로 55 한솔테크닉스(주),N/A
해성디에스,N/A,N/A,N/A,N/A,N/A,N/A,N/A,N/A,N/A,N/A,N/A,N/A,N/A
현대해상,외항 화물 운송업,480명 (2024.12.31),중견기업,2014.06.09 (12년차),631억 3백만원 (2024.12.31),"4,604억 9천만원 (2024.12.31)",이규봉,"4,500만원 상세보기","해상화물 운송,중개,대리/창고,선박 대여","국민연금, 건강보험, 고용보험, 산재보험",http://www.hls.co.kr,"서울 중구 세종대로 39 (남대문로4가, 대한서울상공회의소) 7층",아이기스원그룹 아이기스원(주)
효성화학,N/A,N/A,N/A,N/A,N/A,N/A,N/A,N/A,N/A,N/A,N/A,N/A,N/A
휴온스,제약·보건·바이오,"2,300명",중견기업,1965.07.31 (61년차),55억원,"7,583억",송수영,N/A,의약품 제조업,"고용보험, 산재보험",http://www.huonsglobal.com,경기 성남시 수정구 창업로 17 (시흥동) 판교 아이스퀘어 A동 휴온스글로벌 9층,휴온스글로벌그룹 (주)휴엠앤씨 (주)휴온스메디텍 (주)휴메딕스 (주)휴온스푸디언스 (주)팬젠 (주)휴온스생명과학 (주)휴온스 (주)휴온스랩 (주)푸드어셈블 (주)휴온스바이오파마
이스타코,항공 여객 운송업,690명 (2024.12.31),중견기업,2007.10.26 (19년차),150억원 (2024.12.31),"4,611억 8천만원 (2024.12.31)",조중석,"3,758만원 상세보기",항공 운송/항공기 임대,"국민연금, 건강보험, 고용보험, 산재보험",http://www.eastarjet.com,전북 군산시 옥서면 선연리 385 군산공항청사 1층,N/A
인텔리안테크,전기·전자·제어,345명,중소기업,2004.02.05 (22년차),36억원,2395억,성상엽,N/A,위성안테나 개발 및 판매,"국민연금, 건강보험, 고용보험, 산재보험",http://www.intelliantech.com,경기 평택시 진위면 청호리 348-5,N/A
일동제약,제약·보건·바이오,"1,413명",대기업,2016.08.01 (10년차),178억원4만원,N/A,윤웅섭,"4,955만원 상세보기","양약,자양강장제 제조","국민연금, 건강보험, 고용보험, 산재보험",http://www.ildong.com,"서울 서초구 바우뫼로27길 2 (양재동, 일동홀딩스(주)사옥) 일동제약",일동그룹 (주)유니기획 일동홀딩스(주) 씨엠제이씨(주) 일동생활건강(주) (주)루텍 일동바이오사이언스(주) (주)비케이메디케어 새로엠에스(주) 아이디언스(주) 아이리드비엠에스(주) 유노비아(주)
자화전자,그 외 기타 전자부품 제조업,"1,504명 (2024.12.31)",중견기업,1987.02.01 (39년차),110억 7천만원 (2024.12.31),"6,505억 2천만원 (2024.12.31)",김상면/김찬용,"3,945만원 상세보기","Bonded magenet,플라스틱자성제품,티탄산 바륨계 반도체소자,휴대전화용 Vibration Motor,전자관,전자부품 제조","국민연금, 건강보험, 고용보험, 산재보험",http://www.jahwa.co.kr,충북 청원군 북이면 현암리 7-6번지,자화전자그룹 수광티티아이(주)
제주항공,항공 여객 운송업,"3,199명 (2024.12.31)",중견기업,2006.12.31 (20년차),806억 4천만원 (2024.12.31),"1조 8,562억원 (2024.12.31)",김이배,"3,918만원 상세보기","여객운송,화물운송","국민연금, 건강보험, 고용보험, 산재보험",http://www.jejuair.net,제주 제주시 연동 301-7 현일센츄럴파크뷰 303호,애경그룹 에이엠플러스인덕원(주) 우영운수(주) (주)애드미션 에이케이플라자(주) (주)제이에이에스 애경자산관리(주) AK홀딩스(주) 애경산업(주) (주)에이텍 비컨로지스틱스(주) 코스파(주) 에이엠플러스자산개발(주) 애경바이오팜(주) (주)마포애경타운 애경중부컨트리클럽(주) 에이엘오(주) 더보기
종근당바이오,N/A,N/A,N/A,N/A,N/A,N/A,N/A,N/A,N/A,N/A,N/A,N/A,N/A
커넥트웨이브,쇼핑몰·오픈마켓·소셜커머스,"1,300명",중견기업,2002.07.01 (24년차),N/A,N/A,김정남,"4,100만원 상세보기",소프트웨어 개발,"국민연금, 건강보험, 고용보험, 산재보험",https://connectwave.co.kr/,"서울 금천구 벚꽃로 298 (가산동, 대륭포스트타워6차)",N/A
코스맥스,지주회사,"5,174명",대기업,1992.11.12 (34년차),N/A,1조239억원,"이완경,이윤종","5,300만원 상세보기","회사본부,지주회사,경영컨설팅/화장품,의약부외품 제조,도매","국민연금, 건강보험, 고용보험, 산재보험",http://www.cosmax.com,경기 성남시 분당구 삼평동 판교이노밸리 E동 401호,코스맥스비티아이그룹 코스맥스네오(주) 코스맥스엔비티(주) 코스맥스바이오(주) 코스맥스아이큐어(주) 매드스퀘어(주) (주)건강여행 (주)닥터디앤에이 씨엠테크(주) 농업회사법인코스맥스향약원(주) 코스맥스이스트(주) 코스맥스엔에스(주) 코스맥스(주) 코스맥스라보라토리(주) 바이오뉴랩(주) 더보기
코스맥스비티아이,지주회사,"5,174명",대기업,1992.11.12 (34년차),N/A,1조239억원,"이완경,이윤종","5,300만원 상세보기","회사본부,지주회사,경영컨설팅/화장품,의약부외품 제조,도매","국민연금, 건강보험, 고용보험, 산재보험",http://www.cosmax.com,경기 성남시 분당구 삼평동 판교이노밸리 E동 401호,코스맥스비티아이그룹 코스맥스네오(주) 코스맥스엔비티(주) 코스맥스바이오(주) 코스맥스아이큐어(주) 매드스퀘어(주) (주)건강여행 (주)닥터디앤에이 씨엠테크(주) 농업회사법인코스맥스향약원(주) 코스맥스이스트(주) 코스맥스엔에스(주) 코스맥스(주) 코스맥스라보라토리(주) 바이오뉴랩(주) 더보기
콜마홀딩스,지주회사,"4,900명",중견기업,1990.05.15 (36년차),184억 8천만원 (2024.12.31),"2조 7,124억원",윤상현,N/A,"회사본부,지주회사,경영컨설팅/화장품,의약부외품의 주문자표시 제조,도매","국민연금, 건강보험, 고용보험, 산재보험",http://www.kolmarholdings.co.kr,"서울 서초구 헌릉로8길 61 (내곡동, 한국콜마종합기술원) 한국콜마홀딩스",콜마홀딩스그룹 콜마유엑스(주) (주)연우 (주)에치엔지 콜마스크(주) (주)넥스트앤바이오 농업회사법인근오농림(주) 에이치케이이노엔(주) 콜마비앤에이치(주) 콜마생활건강(주) (주)레슬리 (주)플래닛147 콜마글로벌(주) (주)엠오디머티어리얼즈 (주)라우드랩스 (주)에이치케이케미스토리
크래프톤,게임·애니메이션,"1,800명",대기업,2007.03.02 (19년차),37억원,1조9106,김창한,"5,025만원 상세보기",게임(PC/모바일) 개발,"국민연금, 건강보험, 고용보험, 산재보험",http://krafton.com/,"서울 강남구 테헤란로 231 (역삼동, 센터필드) EAST타워",N/A
티비에이치글로벌,섬유·의류·패션,275명,중견기업,2000 (26년차),104억 2천만원 (2024.12.31),2000억,우종완,"3,580만원 상세보기",캐주얼 및 각종 의류 제조 및 판매,"국민연금, 건강보험, 고용보험, 산재보험",http://www.tbhglobal.co.kr,"서울 송파구 중대로 168 (가락동, 신한빌딩) 티비에이치글로벌",티비에이치글로벌그룹 (주)금강레저산업
펄어비스,N/A,N/A,N/A,N/A,N/A,N/A,N/A,N/A,N/A,N/A,N/A,N/A,N/A
피엔티,그 외 기타 특수목적용 기계 제조업,470명,중견기업,2003.12.30 (23년차),128억 6천만원 (2024.12.31),"9,889억 3천만원 (2024.12.31)",김준섭,"4,320만원 상세보기","2차전지 및 전자소재용 Roll-to-Roll 장비,코팅기,라미네이팅기,슬리터기,제박기,자동화설비 제조,무역","국민연금, 건강보험, 고용보험, 산재보험",http://www.epnt.co.kr,경북 구미시 첨단기업로 33 (금전동) (주)피엔티,피엔티그룹 (주)피엔티엠에스 (주)피엔티에프엔비 (주)피엔티머티리얼즈
하나은행,국내은행,"11,454명 (2024.12.31)",대기업,1967.01.30 (59년차),"5조 3,595억원 (2024.12.31)",61조 4천억원 (2024.12.31),이호성,"2,640만원 상세보기","금융업(은행업무,외국환업무,신탁업무)","국민연금, 건강보험, 고용보험, 산재보험",http://www.kebhana.com,"서울 중구 을지로 35 (을지로1가, (주)하나은행본점) 12층 인재개발부",하나금융그룹 (주)하나자산신탁 하나증권(주) 하나자산운용(주) 하나손해보험(주) (주)하나금융티아이 (주)하나금융지주 하나펀드서비스(주) (주)하나대체투자자산운용 하나캐피탈(주) 하나생명보험(주) (주)하나저축은행 하나제삼호사모투자(자) (주)핀크 하나에프앤아이(주) (주)하나벤처스 더보기
하나투어,호텔·여행·항공,"1,297명",중견기업,1993.11.01 (33년차),N/A,N/A,송미선,"3,175만원 상세보기","여행알선업, 여행업, 여행상품도매","국민연금, 건강보험, 고용보험, 산재보험",http://www.hanatourcompany.com,"서울 종로구 인사동5길 41 (공평동, 하나빌딩) 하나투어",N/A
한국가스공사,연료용 가스 제조 및 배관공급업,"4,210명 (2024.12.31)",공공기관,1983.08.18 (43년차),"4,615억 6천만원 (2024.12.31)",36조 5천억원 (2024.12.31),최연혜,"3,000만원 상세보기","액화천연가스 공급,제조,도매,개발","국민연금, 건강보험, 고용보험, 산재보험",http://www.kogas.or.kr,대구 동구 첨단로 120 (신서동) 한국가스공사,한국가스공사그룹 (주)한국가스기술공사 케이씨엘엔지테크(주) 케이지미얀마(주) 한국엘엔지벙커링(주) 코가스서비스얼라이언스(주) 코가스보안관리(주)
