기업명,산업,사원수,기업구분,설립일,자본금,매출액,대표자,대졸초임,주요사업,4대보험,홈페이지,주소,계열사
이마트,대형 마트,"22,518명 (2024.12.31)",대기업,2011.05.03 (15년차),"1,393억 7천만원 (2024.12.31)",15조 5천억원 (2024.12.31),한채양,"2,400만원 상세보기",대형마트,"국민연금, 건강보험, 고용보험, 산재보험",http://www.emartcompany.com,"서울 중구 세종대로7길 37 (순화동, 오렌지센터) 이마트 본사",신세계그룹 (주)신세계푸드 (주)신세계인터내셔날 (주)광주신세계 신세계의정부역사(주) 신세계건설(주) (주)신세계야구단 (주)지마켓 세린식품(주) (주)신세계까사 (주)신세계톰보이 (주)신세계사이먼 (주)신세계아이앤씨 (주)신세계 (주)조선호텔앤리조트 (주)신세계센트럴 서울고속버스터미널(주) 더보기
이수페타시스,연성 및 기타 인쇄회로기판 제조업,"1,175명 (2024.12.31)",중견기업,1972.02.04 (54년차),632억 4천만원 (2024.12.31),"7,187억 2천만원 (2024.12.31)",최창복,"4,275만원 상세보기","PCB(인쇄회로기판),MLB 제조","국민연금, 건강보험, 고용보험, 산재보험",http://www.petasys.com,대구 달성군 논공읍 본리리 29-54,이수그룹 (주)이수시스템 (주)이수창업투자 (주)이수앱지스 (주)이수엑사켐 (주)이수 이수건설(주) (주)이수화학 (주)이수에이엠씨 광화문제이차(주) (주)이수스페셜티케미컬 에스유리치(주) 아이에스유제이차(유) 광화문제삼차(주) 광화문제사차(주) 라이즈퍼플(주) 웨이브레드(주) 하이브라운(주) 더보기
이수화학,석유화학계 기초 화학물질 제조업,314명 (2024.12.31),중견기업,1969.01.17 (57년차),"1,136억 1천만원 (2024.12.31)","1조 4,750억원 (2024.12.31)",김동민/주봉진,"5,500만원 상세보기","등유,알킬벤젠,윤활유,노말파라핀 제조,도매","국민연금, 건강보험, 고용보험, 산재보험",http://www.isuchemical.com,서울 서초구 반포동 112-4 이수빌딩,이수그룹 (주)이수시스템 (주)이수창업투자 (주)이수앱지스 (주)이수엑사켐 (주)이수 이수건설(주) (주)이수페타시스 (주)이수에이엠씨 광화문제이차(주) (주)이수스페셜티케미컬 에스유리치(주) 아이에스유제이차(유) 광화문제삼차(주) 광화문제사차(주) 라이즈퍼플(주) 웨이브레드(주) 더보기
이스타코,N/A,N/A,N/A,N/A,N/A,N/A,N/A,N/A,N/A,N/A,N/A,N/A,N/A
이아이디,백화점·유통·도소매,36명,중소기업,2002.06.27 (24년차),"1,844억 1천만원",1200억,김성규,N/A,"유류도매업, IoT연동사업, 화장품제조판매업,쿠킹클래스,NFT사업","국민연금, 건강보험, 고용보험, 산재보험",http://www.eid21.co.kr,"서울 강남구 논현로 746 (논현동, 석호빌딩) 5층",이화전기공업그룹 이트론(주) 이화전기공업(주) (주)케이아이티 (주)이노페이스 제이비인베스텍(주) 이스페이스인베스텍(주) 더웰스메티스제일호사모투자(자) (주)제이비에셋매니지먼트
이엔플러스,분사기 및 소화기 제조업,142명 (2024.12.31),중소기업,2003.12.03 (23년차),366억 8천만원 (2024.12.31),201억 9천만원 (2024.12.31),최용인,"3,539만원 상세보기","스프링클러헤드,소화용 밸브,소화전,소화기,호스,소화전함,소방자동차 제조/소방장비 도매/기계설비공사,소방설비공사","국민연금, 건강보험, 고용보험, 산재보험",http://www.en3.co.kr,경기 화성시 비봉면 현대기아로 818-11 (양노리),이엔플러스그룹 (주)카셈 (주)디지털킹덤홀딩스
이엠텍,전기·전자·제어,25명,중소기업,2001.03.29 (25년차),154억 7천만원,289억 1천6백만,박용직,N/A,"이차전지 각형 및 원형 Can, Cap Ass'y 부품, 카메라용 IR필터 전문업체","국민연금, 건강보험, 고용보험, 산재보험",http://www.kem-tech.co.kr,경기 오산시 가장산업서북로 103-40 (지곶동) 3층,N/A
이연제약,완제 의약품 제조업,449명 (2024.12.31),중견기업,1964.11.25 (62년차),92억 9천만원 (2024.12.31),"1,482억 9천만원 (2024.12.31)",유용환,"3,800만원 상세보기","항생제,순환기제 제조,판매","국민연금, 건강보험, 고용보험, 산재보험",http://www.reyonpharm.co.kr,"서울 강남구 영동대로 416 (대치동, 케이티앤지 타워) 8층",이연그룹 아르케인베스트먼트(주)
이오테크닉스,반도체 제조용 기계 제조업,633명 (2024.12.31),중견기업,1993.12.30 (33년차),61억 5천만원 (2024.12.31),"2,922억 2백만원 (2024.12.31)",성규동/박종구,"4,380만원 상세보기","레이저마킹기,레이저 응용장비 개발,제작,공급/레이저 관련부품,정밀광학부품 수입판매,수리,기술지원,오파","국민연금, 건강보험, 고용보험, 산재보험",http://www.eotechnics.com,경기 안양시 동안구 관양동 24번지 (4호선 인덕원역 8번출구 700M),이오테크닉스그룹 (주)이엠테크 (주)이오엘
이오플로우,제약·보건·바이오,70명,벤처기업,2011.09.27 (15년차),"2억 5,000만원",53억 3천만원 (2024.12.31),김재진,"3,700만원","의약/바이오기기 제조, 약물주입기 연구개발, 제조, 판매","국민연금, 건강보험, 고용보험, 산재보험",http://www.eoflow.com,"경기 성남시 분당구 황새울로 216 (수내동, 휴맥스빌리지) 302호",이오플로우그룹 (주)노바피아
이월드,귀금속 및 관련제품 제조업,265명 (2024.12.31),대기업,2005.07.05 (21년차),"1,418억 6백만원 (2024.12.31)","1,084억 5천만원 (2024.12.31)",방병순/민혜정,"2,636만원 상세보기","쥬얼리(골드,실버)시계,패션잡화 제조,판매/놀이시설 운영,입장료,식음료 소매","국민연금, 건강보험, 고용보험, 산재보험",http://www.eworld.kr,대구 달서구 두류공원로 200 (두류동) 이월드,이랜드그룹 (주)리드 (주)이랜드이노플 (주)이크루즈 (주)이랜드건설 (주)이랜드넥스트 (주)이랜드팜앤푸드 (주)이리츠코크렙기업구조조정부동산투자회사 (주)이네스트 (주)이랜드리테일 (주)이랜드월드 (주)이랜드파크 (주)이랜드중국패션디자인 (주)켄싱턴월드 (주)이랜드위시디자인 더보기
이화산업,화학·에너지·환경,50명,중소기업,1950.03.29 (76년차),140억원,550억,홍성우,N/A,염료 및 화성품 도소매업,"고용보험, 산재보험",http://www.rifa.co.kr,"서울 중구 삼일대로 299 (충무로2가, 이화빌딩) 이화산업(주)",이화산업그룹 이화소재(주) 삼명물산(주) 이화유통(주) (주)옥타곤파트너스 (주)이화앤컴퍼니 이화엔지니어링(주) 영화기업(주) 이화물산(주) 이화자산운용(주)
인디에프,백화점·유통·도소매,-,-,-,-,-,박소영,N/A,판매직,"국민연금, 건강보험, 고용보험, 산재보험",-,서울 서대문구 창천동 30-1 현대백화점 유플렉스,N/A
인바이오젠,컴퓨터·하드웨어·장비,34명,중소기업,2008.03.12 (18년차),168억원3십만원,75억 6천만,강지연,N/A,"무인결제시스템 제조 및 판매, 플랫폼 개발, 온라인 블록체인 교육","국민연금, 건강보험, 고용보험, 산재보험",http://www.btone.com,서울 강남구 봉은사로 479 (삼성동) 17층,버킷스튜디오그룹 (주)버킷스튜디오 (주)비덴트 (주)엔아이지씨 (주)비덴트에이엠씨
인선이엔티,화학·에너지·환경,350명,중견기업,1997.11.13 (29년차),170억원,1350억원,이준길,"3,039만원",건설폐기물운반중간처리업,"국민연금, 건강보험, 고용보험, 산재보험",http://www.insun.co.kr/,경기 고양시 일산동구 식사동 725-1,아이에스지주그룹 인선기업(주) (주)영흥산업환경 (주)엠엘씨 환경에너지솔루션(주) (주)일신개발 아이에스동서(주) (주)일신이앤씨 (주)일신홀딩스 아이에스에코솔루션(주) 중앙레미콘(주) 티씨이(주) (주)서현관리 티와이건설(주) 트리엔파트너스(주) (주)오션디앤씨 아이에스해운(주) 더보기
인스코비,컴퓨터·하드웨어·장비,38명,중소기업,1970.07.27 (56년차),298억원,242억,유인수,N/A,"시계 시계부품, 컴퓨터관련부품 외","국민연금, 건강보험, 고용보험, 산재보험",http://www.inscobee.com,서울 강남구 청담동 41번지 청담벤쳐프라자 9층,인스코비그룹 (주)셀루메드 환경이엔지(주) 아피메즈(주) (주)인스그린 (주)프리텔레콤 (주)빅바이오 (주)경기그린테크 (주)파인파이어 (주)보령엘엔지특화산단 (주)스퍼리어인터내셔널
인지컨트롤스,자동차·조선·철강·항공,720명,중견기업,1978.01.31 (48년차),N/A,N/A,정구용,N/A,자동차부품제조,"국민연금, 건강보험, 고용보험, 산재보험",http://www.inzi.co.kr,"경기 시흥시 군자천로 171 (정왕동, 인지컨트롤스(주)) 인지컨트롤스(주)",인지컨트롤스그룹 (주)인지디스플레이 인지에이원(주) (주)싸이맥스 신도이앤씨(주) (주)유텍솔루션 (주)알루원 에이티스마트(주) (주)넥스플러스 (주)크로스파이낸스코리아 (주)넥스시스템즈 인지솔라(주) (주)엔에프엠솔루션 (주)넥스에이피엘
인천도시가스,연료용 가스 제조 및 배관공급업,206명 (2024.12.31),중견기업,1983.03.07 (43년차),218억 7천만원 (2024.12.31),"9,436억 1천만원 (2024.12.31)",정진혁,N/A,도시가스 공급/가스설비공사,"국민연금, 건강보험, 고용보험, 산재보험",http://www.icgas.co.kr,인천 서구 가좌동 178-24,인천도시가스그룹 인주이앤이(주)
인크로스,광고·홍보·전시,252명,대기업 계열사·자회사,2007.08.13 (19년차),40억원,518억,손윤정,N/A,디지털 광고 / 모바일 광고 플랫폼,"국민연금, 건강보험, 고용보험, 산재보험",http://www.incross.com,"서울 관악구 남부순환로 1926 (봉천동, 경동제약빌딩) 3, 5, 8층",N/A
인탑스,이동전화기 제조업,341명 (2024.12.31),중견기업,1975.09.02 (51년차),86억원 (2024.12.31),"1,216억 1천만원 (2024.12.31)",김근하,N/A,"통신기기(휴대용단말기 부품),정보,플라스틱 제품 제조/금형가공,설계,제작/무역(수출입),전자상거래/부동산 임대/산업디자인","국민연금, 건강보험, 고용보험, 산재보험",http://www.intops.co.kr,경기 안양시 만안구 안양동 205-13번지,인탑스그룹 (주)미래 아로(주) (주)대동수상태양광발전소 (주)영덕주민바람 인탑스인베스트먼트(주) 아이티에너지(주)
인터플렉스,인쇄회로기판용 적층판 제조업,443명 (2024.12.31),대기업,1994.07.19 (32년차),116억 6천만원 (2024.12.31),"2,693억 7천만원 (2024.12.31)",신일운,"3,725만원 상세보기",연성인쇄회로기판 제조,"국민연금, 건강보험, 고용보험, 산재보험",http://www.interflex.co.kr,경기 안산시 단원구 성곡동 600-4,영풍그룹 영풍문고홀딩스(주) 코리아니켈(주) 유미개발(주) 서린정보기술(주) 영풍개발(주) (주)영풍 고려아연(주) 케이지트레이딩(주) (주)코리아써키트 시그네틱스(주) 케이젯정밀(주) (주)케이지엑스 영풍전자(주) (주)테라닉스 (주)알란텀 (주)영풍이앤이 케이지그린텍(주) 스틸싸이클(주) 더보기
인텔리안테크,N/A,N/A,N/A,N/A,N/A,N/A,N/A,N/A,N/A,N/A,N/A,N/A,N/A
인팩,자동차·조선·철강·항공,382명,중견기업,1969.06.25 (57년차),50억원,"4,392억","최웅선,최장돈","4,500만원 상세보기",자동차 부품 제조,"국민연금, 건강보험, 고용보험, 산재보험",http://www.infac.com,서울 송파구 백제고분로 450 (방이동) (주)인팩,인팩그룹 인팩혼시스템(주) 인팩이피엠(주) 인팩일렉스(주)
일동제약,N/A,N/A,N/A,N/A,N/A,N/A,N/A,N/A,N/A,N/A,N/A,N/A,N/A
일동홀딩스,완제 의약품 제조업,84명 (2024.12.31),중견기업,1941.03.14 (85년차),115억 4천만원 (2024.12.31),175억 6천만원 (2024.12.31),박대창,"4,100만원 상세보기","의약품 제조,도매","고용보험, 산재보험",http://www.ildonghodings.co.kr,"서울 서초구 바우뫼로27길 2 (양재동, 일동홀딩스(주) 일동홀딩스",일동그룹 (주)유니기획 씨엠제이씨(주) 일동생활건강(주) (주)루텍 일동제약(주) 일동바이오사이언스(주) (주)비케이메디케어 새로엠에스(주) 아이디언스(주) 아이리드비엠에스(주) 유노비아(주)
일성건설,종합 건설업,442명 (2024.12.31),중견기업,1978.06.23 (48년차),270억 1천만원 (2024.12.31),"4,750억 3천만원 (2024.12.31)",백종탁,N/A,"건축공사,토목공사,전기공사","국민연금, 건강보험, 고용보험, 산재보험",http://www.ilsungconst.co.kr,"인천 남동구 인하로507번길 80 (구월동, 태광프라자) , 15층",일성건설그룹 농업회사법인일성(주) 일성이엔지(주)
일성아이에스,제약·보건·바이오,251명,중소기업,1961.02.15 (65년차),133억원,800억,윤석근,N/A,의약품 제조및 판매,"국민연금, 건강보험, 고용보험, 산재보험",http://www.ilsung-ph.co.kr,서울 용산구 원효로1가 44-7 일성신약,N/A
일신방직,면 방적업,545명 (2024.12.31),중견기업,1951.11.03 (75년차),120억원 (2024.12.31),"3,214억 1백만원 (2024.12.31)",김정수/김영호,"3,900만원 상세보기","면사,P/C혼방사,화섬사,특수사,사류,직물가공,P/C혼방직물 제조,수출","국민연금, 건강보험, 고용보험, 산재보험",http://www.ilshin.kr,서울 영등포구 여의도동 15-15 일신빌딩,일신방직그룹 (주)지오다노 (주)비에스케이코퍼레이션 (주)신동 신동와인(주) (주)일신산업개발 일신창업투자(주) (주)일신로지스틱스
일신석재,그 외 기타 건축자재 도매업,92명 (2024.12.31),중소기업,1971.02.26 (55년차),387억 2천만원 (2024.12.31),787억 2천만원 (2024.12.31),조용철/이용재,"3,266만원","건축석 도소매,제조/석공예,석공사","국민연금, 건강보험, 고용보험, 산재보험",http://www.ilshinstone.co.kr,"서울 강동구 성내로 19 (성내동, (주)서경산업개발) 6층",통일그룹 신정써비스(주) 에이치제이디오션리조트(주) 모나용평(주) (주)아시아해양 선원건설(주) (주)에이치제이일화푸드 (주)세일로 (주)일화 (주)세계일보 (주)세계일보제작단 티아이씨(주) (주)제이씨 신정개발특장차(주) (주)세계비즈앤스포츠월드 농업회사법인(유)평농 (주)천일교육원 더보기
일양약품,제약·보건·바이오,668명,중견기업,1971.12.30 (55년차),-,-,김동연,"5,044만원 상세보기","전문의약품, 일반의약품, 원료의약품, 건강식품 제조 및 판매","국민연금, 건강보험, 고용보험, 산재보험",http://www.ilyang.co.kr,"서울 강남구 도곡로 194 (도곡동, 일양빌딩) 일양약품",N/A
일정실업,편조원단 제조업,94명 (2024.12.31),중소기업,1973.02.26 (53년차),60억원 (2024.12.31),435억 3백만원 (2024.12.31),고동수/김철환,N/A,"자동차시트원단,의류,완구직물 제조,염색 가공/무역","국민연금, 건강보험, 고용보험, 산재보험",http://www.iljeong.co.kr,경기 안산시 단원구 초지동 651-1번지,N/A
일진다이아,기타 기초 무기 화학물질 제조업,234명 (2024.12.31),중견기업,2004.12.02 (22년차),142억 2백만원 (2024.12.31),N/A,신광섭,N/A,"공업용 합성다이아몬드 제조,도매,수출입","국민연금, 건강보험, 고용보험, 산재보험",http://www.iljindiamond.co.kr,충북 음성군 대소면 오류리 614-2 번지,일진그룹 마그마툴(주) 일진디스플레이(주) 일진홀딩스(주) 일진제강(주) (주)세마오일 (주)일진에스앤티 일진자동차(주) 일진반도체(주) 일진전기(주) 일진디앤코(주) (주)아트테크 일진지엘에스(주) 알피니언메디칼시스템(주) 셀리게인(주) 일진하이솔루스(주) (유)아이텍 일진씨앤에스(주) 더보기
일진디스플,반도체·디스플레이·광학,500명,중견기업,1994.04.01 (32년차),257억 5천만원 (2024.12.31),276억 7천만원 (2024.12.31),심임수,"3,960만원 상세보기",터치스크린패널,"국민연금, 건강보험, 고용보험, 산재보험",http://www.iljindisplay.co.kr,충북 음성군 대소면 대금로 157 (오류리) 일진디스플레이,일진그룹 마그마툴(주) 일진다이아몬드(주) 일진홀딩스(주) 일진제강(주) (주)세마오일 (주)일진에스앤티 일진자동차(주) 일진반도체(주) 일진전기(주) 일진디앤코(주) (주)아트테크 일진지엘에스(주) 알피니언메디칼시스템(주) 셀리게인(주) 일진하이솔루스(주) (유)아이텍 일진씨앤에스(주) 더보기
일진전기,기타 절연선 및 케이블 제조업,"1,011명 (2024.12.31)",중견기업,2008.07.02 (18년차),476억 8천만원 (2024.12.31),"1조 5,495억원 (2024.12.31)",황수/유상석,N/A,"각종 전선(초고압전선,중고압전선 등),전력기기(계폐기,변압기 등) 제조","국민연금, 건강보험, 고용보험, 산재보험",http://www.iljinelectric.co.kr,경기 화성시 안녕동 112-88,일진그룹 마그마툴(주) 일진디스플레이(주) 일진다이아몬드(주) 일진홀딩스(주) 일진제강(주) (주)세마오일 (주)일진에스앤티 일진자동차(주) 일진반도체(주) 일진디앤코(주) (주)아트테크 일진지엘에스(주) 알피니언메디칼시스템(주) 셀리게인(주) 일진하이솔루스(주) (유)아이텍 일진씨앤에스(주) 더보기
일진홀딩스,지주회사,19명 (2024.12.31),중견기업,1982.01.27 (44년차),498억 5천만원 (2024.12.31),143억 7천만원 (2024.12.31),허정석,"4,400만원 상세보기",지주회사,"고용보험, 산재보험",http://www.iljin.co.kr,경기 화성시 만년로 905-17 (안녕동),일진그룹 마그마툴(주) 일진디스플레이(주) 일진다이아몬드(주) 일진제강(주) (주)세마오일 (주)일진에스앤티 일진자동차(주) 일진반도체(주) 일진전기(주) 일진디앤코(주) (주)아트테크 일진지엘에스(주) 알피니언메디칼시스템(주) 셀리게인(주) 일진하이솔루스(주) (유)아이텍 일진씨앤에스(주) 더보기
잇츠한불,화장품 제조업,84명 (2024.12.31),중소기업,2006.02.07 (20년차),109억 6천만원 (2024.12.31),272억 8천만원 (2024.12.31),임진성,"3,910만원 상세보기","화장품(스킨케어베이직,포인트메이크업,스킨케어스페셜,베이스메이크업 등) 제조,도소매","국민연금, 건강보험, 고용보험, 산재보험",http://www.itshanbul.com,"서울 강남구 학동로 311 (논현동, 미성빌딩) 1층",잇츠한불그룹 (주)네오팜 (주)채화
자이에스앤디,건설·시공·토목·조경,"2,557명",대기업 계열사·자회사,2000.04.08 (26년차),387억 8천만원,"4,357억 3천만",구본삼,N/A,"주택건축 및 시공, 부동산운영관리 전문기업","국민연금, 건강보험, 고용보험, 산재보험",http://www.xisnd.com,"서울 중구 퇴계로 173 (충무로3가, 남산스퀘어) 10층",지에스그룹 상지해운(주) 지에스엠비즈(주) (주)보헌개발 지에스이피에스(주) (주)옥산유통 이노폴리텍(주) (주)켐텍인터내셔날 지에스파워(주) (주)지에스이앤알 (주)GS 센트럴모터스(주) (주)지에스스포츠 삼양통상(주) 지에스칼텍스(주) (주)지에스텔레서비스 인천종합에너지(주) 자이에스텍(주) 더보기
자화전자,N/A,N/A,N/A,N/A,N/A,N/A,N/A,N/A,N/A,N/A,N/A,N/A,N/A
전방,면 방적업,86명 (2024.12.31),중견기업,1953.02.23 (73년차),84억원 (2024.12.31),572억 3천만원 (2024.12.31),조덕현,"2,100만원 상세보기","면사,면혼방사,마혼방사,화섬사,염색사,자수사,소모사,면직물,면혼방직물,화섬직물,특수가공직물 제조,판매,수출","국민연금, 건강보험, 고용보험, 산재보험",http://www.chonbang.co.kr,서울 서대문구 충정로3가 464번지 충정타워빌딩 13층,전방그룹 전방오토(주)
전북은행,은행·금융,"16,000명",대기업,1961 (65년차),-,-,황의영,N/A,"금융,유통",N/A,-,전북 전주시 덕진구 인후동2가 1560,N/A
제넥신,의학 및 약학 연구개발업,87명 (2024.12.31),중소기업,1999.06.08 (27년차),227억 7천만원 (2024.12.31),29억 3천만원 (2024.12.31),홍성준/최재현,"3,100만원 상세보기","hyFc 기반 항암 면역치료제,DNA 백신 신약연구개발","국민연금, 건강보험, 고용보험, 산재보험",http://www.genexine.com,"서울 강서구 마곡중앙로 172 (마곡동, GenexineProGenBioInnovationPark) 제넥신",N/A
제이비우리캐피탈,신용카드 및 할부금융업,570명 (2024.12.31),대기업,1995.12.07 (31년차),"6,434억 5천만원 (2024.12.31)","1조 1,023억원 (2024.12.31)",박춘원,"4,242만원 상세보기","할부금융,여신금융,시설대여,신기술사업,자동차대여","국민연금, 건강보험, 고용보험, 산재보험",http://www.wooricap.com,서울 영등포구 여의도동 24-4 (여의나루로 77) JB빌딩,JB금융그룹그룹 (주)전북은행 제이비자산운용(주) 제이비인베스트먼트(주) (주)JB금융지주 (주)광주은행
제이시스메디칼,그 외 기타 의료용 기기 제조업,322명 (2024.12.31),중소기업,2017.12.01 (9년차),76억 7천만원 (2024.12.31),"1,841억 8천만원 (2024.12.31)",이라미,N/A,의료기기 제조,"국민연금, 건강보험, 고용보험, 산재보험",http://www.jeisys.com,서울 금천구 가산동 대륭테크노타운 8차 307호,N/A
제이에스코퍼레이션,응용 소프트웨어 개발 및 공급업,0명,중소기업,2020.05.08 (6년차),"1,087만원",-,황철웅,"3,800만원","온라인마케팅업, 경영컨설팅업, 소프트웨어 개발 및 공급, 상품 종합 도매업, 컨텐츠 제작","국민연금, 건강보험, 고용보험, 산재보험",http://www.jscorporation.kr/,경기 성남시 분당구 삼평동 680 에이치스퀘어 S동 703호 JS CORPORATION,N/A
제이준코스메틱,생활화학·화장품,60명,중소기업,2015.01.30 (11년차),-,300억,손상훈,N/A,화장품 및 마스크팩 제조 및 판매,"국민연금, 건강보험, 고용보험, 산재보험",http://jayjun.co.kr,"서울 용산구 서빙고로51길 52 (서빙고동, 비비안) 4층",N/A
제일기획,광고 대행업,"1,444명 (2024.12.31)",대기업,1973.01.17 (53년차),230억 8백만원 (2024.12.31),"1조 3,879억원 (2024.12.31)",김종현,"3,040만원 상세보기","광고 대행/광고물,영화 제작,인쇄,출판","국민연금, 건강보험, 고용보험, 산재보험",http://www.cheil.com,서울 용산구 한남동 736-1 제일빌딩,삼성그룹 스테코(주) 삼성전자판매(주) 삼성벤처투자(주) 삼성전자로지텍(주) (주)시큐아이 (주)씨브이네트 (주)멀티캠퍼스 삼성생명서비스손해사정(주) (주)미라콤아이앤씨 세메스(주) 에스디플렉스(주) 삼성중공업(주) 삼성SDI(주) 삼성전자(주) 삼성전기(주) 삼성메디슨(주) 더보기
제일약품,완제 의약품 제조업,983명 (2024.12.31),중견기업,2017.06.01 (9년차),73억 5천만원 (2024.12.31),"6,983억 7천만원 (2024.12.31)",성석제/한상철,"4,041만원 상세보기","의약품 제조,도매","국민연금, 건강보험, 고용보험, 산재보험",http://www.jeilpharm.co.kr,서울 서초구 반포동 745-5,제일파마홀딩스그룹 제일파마홀딩스(주) 제일헬스사이언스(주) 제일앤파트너스(주) 온코닉테라퓨틱스(주)
제일연마,연마재 제조업,54명 (2024.12.31),중견기업,1974.12.27 (52년차),50억원 (2024.12.31),710억 5백만원 (2024.12.31),오유인/오현수/추헌주,N/A,"연마석,다이아몬드공구 제조,도소매/주택건설","국민연금, 건강보험, 고용보험, 산재보험",http://www.grinding.co.kr,경북 포항시 남구 대송로101번길 34 (장흥동) 제일연마공업(주),동일산업그룹 금성연마공업(주) 동일산업(주) 동일금속(주) (주)세명기업 (주)현대티엠씨 (주)이루테크 디오토모티브(주) 씨지더블유(주)
제일파마홀딩스,완제 의약품 제조업,983명 (2024.12.31),중견기업,2017.06.01 (9년차),73억 5천만원 (2024.12.31),"6,983억 7천만원 (2024.12.31)",성석제/한상철,"4,041만원 상세보기","의약품 제조,도매","국민연금, 건강보험, 고용보험, 산재보험",http://www.jeilpharm.co.kr,서울 서초구 반포동 745-5,제일파마홀딩스그룹 제일파마홀딩스(주) 제일헬스사이언스(주) 제일앤파트너스(주) 온코닉테라퓨틱스(주)
제주은행,국내은행,431명 (2024.12.31),대기업,1969.09.19 (57년차),"1,606억 4천만원 (2024.12.31)","3,794억 3천만원 (2024.12.31)",이희수,N/A,"은행업무,외국환업무,신탁업무","국민연금, 건강보험, 고용보험, 산재보험",http://www.e-jejubank.com,"제주 제주시 1100로 3351 (노형동, 세기빌딩)",신한금융지주회사그룹 (주)신한디에스 신한자산운용(주) 신한펀드파트너스(주) (주)신한금융지주회사 에스에이치씨매니지먼트(주) 신한이지손해보험(주) 신한신용정보(주) 신한자산신탁(주) 신한카드(주) 신한캐피탈(주) 신한라이프생명보험(주) (주)신한은행 신한투자증권(주) 더보기
제주항공,N/A,N/A,N/A,N/A,N/A,N/A,N/A,N/A,N/A,N/A,N/A,N/A,N/A
젬백스,반도체 제조용 기계 제조업,189명 (2024.12.31),중소기업,1998.03.10 (28년차),199억 9천만원 (2024.12.31),626억 9천만원 (2024.12.31),김기호/이석준,"3,500만원","반도체장비,반도체용 첨착활성탄,오염제어(CA)필터,공기청정기,소각로설비,환경관련기기 제조,도소매","국민연금, 건강보험, 고용보험, 산재보험",http://www.gemvax.com,경기 성남시 분당구 운중동 939 젬백스타워,젬백스그룹 (주)포니링크 삼성제약(주) (주)젬앤컴퍼니 (주)젬백스인베스트 (주)지엘케이에쿼티인베스트 (주)링크아이 (주)네오플라스
조광페인트,일반용 도료 및 관련제품 제조업,527명 (2024.12.31),중견기업,1967.01.16 (59년차),64억원 (2024.12.31),"2,404억 9천만원 (2024.12.31)",양성아,"4,000만원 상세보기","도료(우레탄,에나멜,락카,특수도료) 제조,도매","국민연금, 건강보험, 고용보험, 산재보험",http://www.ckpc.co.kr,부산 사상구 삼락동 379-1번지,조광페인트그룹 조광요턴(주) (주)씨케이이엠솔루션
조비,복합비료 및 기타 화학비료 제조업,104명 (2024.12.31),중견기업,1955.11.15 (71년차),259억 6천만원 (2024.12.31),"1,024억 4천만원 (2024.12.31)",이승연,N/A,"복합비료(연초용,수도용,시판용,특수작물용),양액재배용 비료,완효성 비료,부직포 제조,무역","국민연금, 건강보험, 고용보험, 산재보험",http://www.chobi.co.kr,서울 서초구 서초2동 1337-4 동오빌딩 5층,동오그룹 (주)동오홀딩스 (주)경농 글로벌아그로(주) (주)탑프레쉬 파인아그로케미칼(주) (주)동오네트웍스
조선선재,피복 및 충전 용접봉 제조업,121명 (2024.12.31),중소기업,2010.01.01 (16년차),"6억 2,882만원 (2024.12.31)",509억 8백만원 (2024.12.31),장원영,"3,000만원 상세보기","용접봉,용접재료 제조","국민연금, 건강보험, 고용보험, 산재보험",http://www.chosunwelding.com,"경북 포항시 남구 괴동로 43 (장흥동, 조선선재(주)) 조선선재(주)",CS홀딩스그룹 CS홀딩스(주) 씨에스로직스(주) 조선선재온산(주)
조일알미늄,"알루미늄 압연, 압출 및 연신제품 제조업",385명 (2024.12.31),중견기업,1985.09.19 (41년차),633억 1천만원 (2024.12.31),"4,983억 7천만원 (2024.12.31)",이영호/성원모,"3,200만원 상세보기","알루미늄판 제조,도매","국민연금, 건강보험, 고용보험, 산재보험",http://www.choilal.co.kr,경북 경산시 진량읍 신상3리 1207-10,조일알미늄그룹 (주)조광
조흥,기타 식품 첨가물 제조업,502명 (2024.12.31),중견기업,1959.02.11 (67년차),30억원 (2024.12.31),"4,115억 4천만원 (2024.12.31)",함영제,"3,860만원","휘핑크림,인스턴트이스트,프루츠칵테일,크림치즈,견과류,건조과일 제조,판매/주택 신축,판매","국민연금, 건강보험, 고용보험, 산재보험",http://www.choheung.co.kr,"경기 안산시 단원구 시화로 38 (성곡동, (주)조흥) 주식회사 조흥",오뚜기그룹 대선제분(주) (주)오뚜기 (주)면사랑 (주)풍림푸드 알디에스(주) 오뚜기냉동식품(주) (주)애드리치 (주)조흥지에프 오뚜기에스에프(주) 상미식품(주) (주)풍림피앤피 오뚜기제유(주) 오뚜기물류서비스(주) 오뚜기라면(주) (주)오뚜기프렌즈
종근당,제약·보건·바이오,"2,300명",중견기업,1941.05.07 (85년차),329억 3천만원 (2024.12.31),"1조 5,593억원 (2024.12.31)",김영주,"5,000만원 상세보기",의약품 제조업,"국민연금, 건강보험, 고용보험, 산재보험",http://www.ckdpharm.com,"서울 서대문구 충정로 8 (충정로3가, 종근당빌딩)",종근당그룹 (주)벨커뮤니케이션즈 종근당건강(주) 씨케이디창업투자(주) (주)종근당바이오 (주)벨이앤씨 (주)종근당홀딩스 (주)경보제약 (주)디트라이브 (주)벨에스엠 종근당산업(주) (주)벨아이앤에스 (주)더헤리티지너싱홈 (주)텔라이프 (주)씨에이치다이렉트 (주)씨에이치랩스 (주)슈마웰 더보기
종근당바이오,N/A,N/A,N/A,N/A,N/A,N/A,N/A,N/A,N/A,N/A,N/A,N/A,N/A
종근당홀딩스,완제 의약품 제조업,33명 (2024.12.31),중견기업,1956.01.10 (70년차),125억 2천만원 (2024.12.31),283억 1천만원 (2024.12.31),최희남,"4,300만원 상세보기","의약품(항생제,위궤양치료제,장기이식면역억제제,고지혈증치료제(로바이드)) 제조,도매","국민연금, 건강보험, 고용보험, 산재보험",http://www.ckd-holdings.com,"서울 서대문구 충정로 8 (충정로3가, 종근당빌딩) 종근당홀딩스",종근당그룹 (주)벨커뮤니케이션즈 종근당건강(주) 씨케이디창업투자(주) (주)종근당바이오 (주)벨이앤씨 (주)경보제약 (주)디트라이브 (주)벨에스엠 종근당산업(주) (주)벨아이앤에스 (주)더헤리티지너싱홈 (주)텔라이프 (주)씨에이치다이렉트 (주)종근당 (주)씨에이치랩스 (주)슈마웰 더보기
주성엔지니어링,반도체 제조용 기계 제조업,521명 (2024.12.31),중견기업,1995.04.13 (31년차),241억 2천만원 (2024.12.31),"4,093억 7천만원 (2024.12.31)",황철주/이우경/황은석,"4,800만원 상세보기","반도체전공정장비,저압화학증착장비,고온플라즈마,선택적 에피성장장치,탄탈룸옥사이드공정장비 제조","국민연금, 건강보험, 고용보험, 산재보험",http://www.jusung.com,경기 광주시 오포로 240 (능평동) 주성엔지니어링,N/A
주성코퍼레이션,네트워크·통신서비스,60명,중소기업,2009.02.17 (17년차),264억 5백만원,668억 745만,허용호,"3,000만원","ICT, 무선중계기, 차량용 블랙박스, SI/NI 솔루션, TINT, 물류주선","국민연금, 건강보험, 고용보험, 산재보험",http://joosungcorp.com,"경기 의왕시 이미로 40 (포일동, 인덕원IT밸리) 1008-1012호",N/A
주연테크,컴퓨터·하드웨어·장비,55명,중소기업,1988.07.07 (38년차),118억원,660억,김희라,"2,750만원","컴퓨터 제조, 판매, 서비스업, 컴퓨터관련기기 유통업","국민연금, 건강보험, 고용보험, 산재보험",http://www.jooyon.co.kr,서울 서초구 사임당로 32 (서초동) 재우빌딩 2층,N/A
지누스,매트리스 및 침대 제조업,145명 (2024.12.31),대기업,1979.03.08 (47년차),113억 6천만원 (2024.12.31),"3,091억 1천만원 (2024.12.31)",정백재,"4,000만원 상세보기","메모리폼제품(매트리스,베개,침대,침구류) 제조,무역(수출),도매","국민연금, 건강보험, 고용보험, 산재보험",http://www.zinus.co.kr,"경기 성남시 분당구 야탑로81번길 10 (야탑동, 분당아미고타워) 8층",현대백화점그룹 (주)현대에버다임 (주)현대백화점 (주)한섬 (주)현대리바트 (주)현대홈쇼핑 (주)현대바이오랜드 (주)현대퓨처넷 (주)현대이지웰 (주)씨엔에스푸드시스템 대원강업(주) (주)현대리바트엠앤에스 (주)현대드림투어 대원정밀공업(주) (주)삼원강재 한무쇼핑(주) (주)현대지에프홀딩스 더보기
지엠비코리아,그 외 자동차용 신품 부품 제조업,726명 (2025.03.26),중견기업,1979.03.20 (47년차),95억 3천만원 (2024.12.31),"6,598억 1천만원 (2024.12.31)",정세영/송병영,"4,000만원 상세보기","자동차부품(VS,TIB,CVJoint) 제조","국민연금, 건강보험, 고용보험, 산재보험",http://www.gmb.co.kr,경남 창원시 성산구 성산동 48번지,지엠비코리아그룹 지엠비엘피스(주) 지엠비에이지테크(주)
지역난방공사,"증기, 냉.온수 및 공기조절 공급업","2,176명 (2024.12.31)",국내 공공기관·공기업,1985.11.01 (41년차),578억 9천만원 (2024.12.31),"3조 5,701억원 (2024.12.31)",정용기,"3,143만원 상세보기","집단에너지공급,전기,증기 생산,판매","국민연금, 건강보험, 고용보험, 산재보험",http://www.kdhc.co.kr,경기 성남시 분당구 분당동 186번지 한국지역난방공사,한국지역난방공사그룹 한국지역난방기술(주) 지역난방안전(주) 지역난방플러스(주) (주)힘이되는나무
진도,기타 전문 도매업,106명 (2024.12.31),중소기업,2006.03.03 (20년차),62억 3천만원 (2024.12.31),441억 5천만원 (2024.12.31),임병남,"3,022만원","모피제품 도매,제조,가공","국민연금, 건강보험, 고용보험, 산재보험",http://www.jindofn.co.kr,서울 금천구 가산동 356-5번지 (주)진도,임오그룹 (주)임오산업 (주)진산 (주)임오 (주)임오파트너스 (주)임오냉동 (주)화인센스
진양산업,기타 플라스틱 발포 성형제품 제조업,70명 (2024.12.31),중소기업,1963.07.18 (63년차),65억원 (2024.12.31),622억 1천만원 (2024.12.31),최원석,N/A,"폴리우레탄스폰지,합성수지 제조,도매,수출입","국민연금, 건강보험, 고용보험, 산재보험",http://www.cyc1963.com,경남 양산시 유산동 240-1,KPX홀딩스그룹 진양에이엠씨(주) (주)보현 (주)씨케이엔터프라이즈 진양화학(주) 그린케미칼(주) 진양개발(주) 진양오토모티브(주) KPX케미칼(주) 진양폴리우레탄(주) 그린생명과학(주) KPX홀딩스(주) 진양물산(주) (주)진양홀딩스 (주)건덕상사 (주)관악상사 경향흥산(주) 케이피엑스개발(주) 더보기
진양폴리우레탄,기타 플라스틱 발포 성형제품 제조업,95명 (2024.12.31),중소기업,1975.06.07 (51년차),50억원 (2024.12.31),540억 3천만원 (2024.12.31),최재호,N/A,"폴리우레탄,폴리우레탄스폰지 제조,판매","국민연금, 건강보험, 고용보험, 산재보험",http://www.chinyangpoly.kr,경기 평택시 세교동 536-8,KPX홀딩스그룹 진양에이엠씨(주) (주)보현 (주)씨케이엔터프라이즈 진양화학(주) 그린케미칼(주) 진양개발(주) 진양오토모티브(주) 진양산업(주) KPX케미칼(주) 그린생명과학(주) KPX홀딩스(주) 진양물산(주) (주)진양홀딩스 (주)건덕상사 (주)관악상사 경향흥산(주) 케이피엑스개발(주) 더보기
진양화학,플라스틱 합성피혁 제조업,42명 (2024.12.31),중소기업,2001.01.03 (25년차),106억원 (2024.12.31),245억 2천만원 (2024.12.31),임경섭,N/A,"레쟈,바닥재 제조","국민연금, 건강보험, 고용보험, 산재보험",http://www.chinyang.co.kr,"울산 남구 장생포로 93 (여천동, 진양화학(주))",KPX홀딩스그룹 진양에이엠씨(주) (주)보현 (주)씨케이엔터프라이즈 그린케미칼(주) 진양개발(주) 진양오토모티브(주) 진양산업(주) KPX케미칼(주) 진양폴리우레탄(주) 그린생명과학(주) KPX홀딩스(주) 진양물산(주) (주)진양홀딩스 (주)건덕상사 (주)관악상사 경향흥산(주) 케이피엑스개발(주) 더보기
진에어,항공 여객 운송업,"2,273명 (2024.12.31)",대기업,2008.01.23 (18년차),522억원 (2024.12.31),"1조 4,612억원 (2024.12.31)",박병률,"4,404만원 상세보기","여객,화물 등 항공운송","국민연금, 건강보험, 고용보험, 산재보험",http://www.jinair.com,"서울 강서구 공항대로 453 (등촌동, 등촌동KAL빌딩) , 3층",한진그룹 토파스여행정보(주) (주)한국글로발로지스틱스시스템 태일캐터링(주) 포항항7부두운영(주) (주)항공종합서비스 (주)칼호텔네트워크 (주)싸이버스카이 아시아나세이버(주) 한진평택컨테이너터미널(주) 한진부산컨테이너터미널(주) 태일통상(주) (주)한진 아시아나항공(주) 아시아나에어포트(주) 더보기
진원생명과학,완제 의약품 제조업,39명 (2024.12.31),중소기업,1976.01.27 (50년차),800억 3천만원 (2024.12.31),330억 4천만원 (2024.12.31),박영근,"3,520만원","바이오 의약품,의류용심지(인터론),가공직물(패브론) 제조, 도소매","국민연금, 건강보험, 고용보험, 산재보험",http://www.genels.com,"서울시 영등포구 여의대로 108, 20층(여의도동, 파크원NH금융타워(타워2))",N/A
진흥기업,공기업·공공기관,800명,비영리단체·교육재단,1978 (48년차),-,-,이기우,"3,109만원 상세보기",중소기업 지원,"국민연금, 건강보험, 고용보험, 산재보험",http://www.sbc.or.kr/sbc/index.jsp,서울 영등포구 여의도동 24-3 중소기업진흥공단,N/A
차바이오텍,생물학적 제제 제조업,304명 (2024.12.31),중견기업,2002.11.06 (24년차),281억 5천만원 (2024.12.31),540억 8백만원 (2024.12.31),최석윤,"3,800만원 상세보기","제대혈 보관,줄기세포,세포치료제 개발,제조","국민연금, 건강보험, 고용보험, 산재보험",http://www.chabio.com,"서울 강남구 도산대로 442 (청담동, 피엔폴루스) 차움 3F",차바이오텍그룹 (주)차백신연구소 (주)CMG제약 (주)차케어스 (주)서울씨알오 (주)솔리더스인베스트먼트 엘바이오(주) (주)차메디텍 (주)차헬스케어 (주)마티카바이오랩스 (주)아이앤지메딕스
참엔지니어링,반도체·디스플레이·광학,95명,중견기업,1973 (53년차),167억원,1070억,이경희,"2,568만원 상세보기",LCD검사장비제조/반도체장비제조,"국민연금, 건강보험, 고용보험, 산재보험",http://www.charmeng.com,경기 용인시 처인구 남사면 북리 28-1번지,한빛자산관리대부그룹 (주)ES큐브 (주)에이치비캐피탈 (주)에이치비저축은행 (주)참저축은행 (주)에이치비홀딩스그룹 (주)한빛자산관리대부 지에프금융산업제1호사모투자(자) 피에이치비제칠차유동화전문(유) 피에이치비제팔차유동화전문(유) 지에프금융산업제1호(주) 피에이치비제구차유동화전문(유) 더보기
천보,석탄화학계 화합물 및 기타 기초 유기 화학물질 제조업,139명 (2024.12.31),중견기업,2007.10.08 (19년차),50억 6천만원 (2024.12.31),708억 7천만원 (2024.12.31),서자원/이상율,"4,067만원","화합물(디스플레이 소재, 반도체 공정 소재, 2차전지 소재, 의약품 소재, 정밀화학 소재) 제조,도소매","국민연금, 건강보험, 고용보험, 산재보험",http://www.chunbochem.com,충북 충주시 주덕읍 중원산업로 312 (당우리) 천보,천보그룹 (주)천보정밀 (주)오에이 (주)중원소재 (주)천보신소재 (주)에이스케미칼 (주)에스제이글로벌 솔리크인베스트먼트(주) (주)천보비엘에스 (주)군산비엠아이 (주)새만금비에이엠
천일고속,시외버스 운송업,291명 (2024.12.31),중소기업,1949.09.30 (77년차),71억 4천만원 (2024.12.31),447억 1천만원 (2024.12.31),박도현,N/A,"고속버스운수(경부선,44개 노선),도로여객운수업,운수창고업,유류판매,부동산 임대","국민연금, 건강보험, 고용보험, 산재보험",http://www.chunilexpress.com/,부산 서구 충무동1가 7-5 (주)천일고속,N/A
청호ICT,사무용 기계 및 장비 제조업,38명 (2024.12.31),중소기업,1977.10.13 (49년차),233억 1천만원 (2024.12.31),253억 4천만원 (2024.12.31),조중환,"2,650만원 상세보기","금융단말기(현금자동입출금기,온라인단말기),통신기기 제조,판매","국민연금, 건강보험, 고용보험, 산재보험",http://www.chunghoict.com,경기 김포시 양촌읍 황금1로 185 청호ICT,청호ICT그룹 (주)청호네트웍스 (주)지넥슨
카카오,포털 및 기타 인터넷 정보매개 서비스업,"4,028명 (2024.12.31)",대기업,1995.02.16 (31년차),444억 1천만원 (2024.12.31),"2조 5,951억원 (2024.12.31)",정신아,"3,120만원 상세보기","인터넷 서비스(인터넷 광고)/데이타베이스,인터넷관련소프트웨어,시스템통합,인터넷광고사업,무료이메일서비스,전자상거래,인터넷접속서비스(PPP서비스),호스팅","국민연금, 건강보험, 고용보험, 산재보험",http://www.kakaocorp.com,경기 성남시 분당구 삼평동 681번지 에이치스퀘어 N동,카카오그룹 (주)에스엠엔터테인먼트 (주)테인스밸리 (주)에스엠컬처앤콘텐츠 (주)에스엠라이프디자인그룹 동고택시(주) (주)비글 로고스필름(주) (주)엑스엘게임즈 (주)아이앤아이소프트 (주)케이엠파크 (주)쇼노트 (주)키이스트 (주)레디엔터테인먼트 (주)엔플루토 (주)케이큐브홀딩스 더보기
카카오게임즈,게임·애니메이션,400명,대기업 계열사·자회사,2016.04.01 (10년차),82억 8천만원 (2024.12.31),"5,942억 6천만원 (2024.12.31)",한상우,N/A,멀티플랫폼 게임기업,"국민연금, 건강보험, 고용보험, 산재보험",http://www.kakaogames.com,경기 성남시 분당구 판교역로 152 (백현동) 알파돔타워 14층 카카오게임즈,카카오그룹 (주)카카오 (주)에스엠엔터테인먼트 (주)테인스밸리 (주)에스엠컬처앤콘텐츠 (주)에스엠라이프디자인그룹 동고택시(주) (주)비글 로고스필름(주) (주)엑스엘게임즈 (주)아이앤아이소프트 (주)케이엠파크 (주)쇼노트 (주)키이스트 (주)레디엔터테인먼트 (주)엔플루토 (주)케이큐브홀딩스 더보기
카카오뱅크,국내은행,"1,000명",대기업,2016.01.22 (10년차),"2조 3,848억원 (2024.12.31)","2조 9,456억원 (2024.12.31)",윤호영,"2,660만원 상세보기","국내은행,대부중개/광고 대행","국민연금, 건강보험, 고용보험, 산재보험",http://www.kakaobank.com,"경기 성남시 분당구 분당내곡로 131 (백현동) 판교테크원타워, 타워 2",카카오그룹 (주)카카오 (주)에스엠엔터테인먼트 (주)테인스밸리 (주)에스엠컬처앤콘텐츠 (주)에스엠라이프디자인그룹 동고택시(주) (주)비글 로고스필름(주) (주)엑스엘게임즈 (주)아이앤아이소프트 (주)케이엠파크 (주)쇼노트 (주)키이스트 (주)레디엔터테인먼트 (주)엔플루토 (주)케이큐브홀딩스 더보기
카카오페이,그 외 기타 금융 지원 서비스업,"1,188명 (2024.12.31)",대기업,2017.03.17 (9년차),673억 1천만원 (2024.12.31),"6,188억 5천만원 (2024.12.31)",신원근,"3,577만원 상세보기","간편결제,간편송금/전자상거래/사업시설유지관리,콜센터,텔레마케팅","국민연금, 건강보험, 고용보험, 산재보험",http://www.kakaopay.com,경기 성남시 분당구 판교역로 166 (백현동) 카카오판교아지트 b동 15층,카카오그룹 (주)카카오 (주)에스엠엔터테인먼트 (주)테인스밸리 (주)에스엠컬처앤콘텐츠 (주)에스엠라이프디자인그룹 동고택시(주) (주)비글 로고스필름(주) (주)엑스엘게임즈 (주)아이앤아이소프트 (주)케이엠파크 (주)쇼노트 (주)키이스트 (주)레디엔터테인먼트 (주)엔플루토 (주)케이큐브홀딩스 더보기
카프로,-,0명,-,-,-,-,김명수,N/A,썬팅 네비게시션 시공,N/A,-,충북 청주시 청원구 2순환로 50 (율량동) 카프로,N/A
커넥트웨이브,N/A,N/A,N/A,N/A,N/A,N/A,N/A,N/A,N/A,N/A,N/A,N/A,N/A
컴투스,게임·애니메이션,"1,401명",중견기업,1998.07.31 (28년차),64억 3천만원,7722억원,남재관,"4,000만원 상세보기","모바일 게임 개발 및 퍼블리싱, 미디어/엔터테인먼트 제작 및 유통","국민연금, 건강보험, 고용보험, 산재보험",http://com2us.com,"서울 금천구 가산디지털1로 131 (가산동, BYC HIGHCITY) A동",컴투스홀딩스그룹 (주)싸이더스 (주)컴투스타이젬 (주)컴투스홀딩스 (주)펜타브리드 (주)마이뮤직테이스트 (주)에이투지엔터테인먼트 (주)위지윅스튜디오 (주)컴투스플랫폼 (주)펀플로 골드프레임(주) (주)엔피 (주)데이세븐 (주)메리크리스마스 (주)엠에이에이 (주)제나애드 (주)더블유컬쳐 더보기
케어젠,제약·보건·바이오,200명,중소기업,2001.08.23 (25년차),53억 7천만원,792억,정용지,"3,000만원 상세보기","성장인자, 바이오 미메틱펩타이드 기반, 의약품, 기능성식품, 의료기기, 코스메슈티컬 바이오","국민연금, 건강보험, 고용보험, 산재보험",http://www.caregen.co.kr,경기 안양시 동안구 호계동 1027-22 (도로명 - 엘에스로 91번길 46-38),N/A
케이디비생명보험,생명 보험업,509명 (2024.12.31),대기업,1988.06.01 (38년차),"4,983억 2천만원 (2024.12.31)","1조 7,787억원 (2024.12.31)",임승태,"5,600만원 상세보기",생명보험/통신판매,"국민연금, 건강보험, 고용보험, 산재보험",http://www.kdblife.co.kr,서울 중구 서소문동 135 올리브타워 13층,한국산업은행그룹 산은인프라자산운용(주) 한국비티엘일호투융자회사 부산학교사랑(주) 서울한빛배움터(주) 대구뮤지엄서비스(주) 활짝필희망교육(주) 김해맑은물(주) 맑은목포환경(주) 푸른상주환경(주) 푸른익산환경(주) 행국초관리(주) 원케이디비제일차유동화전문(유) 푸른김제환경(주) 산은캐피탈(주) 더보기
케이비국민카드,신용카드 및 할부금융업,"1,490명 (2024.06.30)",대기업,2011.03.02 (15년차),"4,600억원 (2024.12.31)","4조 1,040억원 (2024.12.31)",김재관,"2,950만원 상세보기","신용카드,할부금융,보험대리/일반여행/부동산 임대/통신판매","국민연금, 건강보험, 고용보험, 산재보험",http://www.kbcard.com,서울 종로구 내수동 167,KB금융그룹 케이비부동산신탁(주) 케이비신용정보(주) (주)국민은행 (주)케이비데이타시스템 (주)케이비손해사정 케이비자산운용(주) 케이비캐피탈(주) (주)케이비라이프생명보험 케이비인베스트먼트(주) 케이비증권(주) (주)케이비손해보험 (주)KB금융지주 (주)케이비손보씨엔에스 (주)케이비저축은행 더보기
케이비아이동국실업,자동차·조선·철강·항공,420명,중견기업,1955.12.29 (71년차),556억원,4340억,김용희,"4,650만원",자동차부품 제조,국민연금,https://www.kbidongkook.com/,"충남 아산시 선장면 서부남로 100 (선창리, 동국실업) KBI동국실업",KBI그룹 케이비아이산업개발(주) (주)케이비아이텍 (주)케이비아이국인산업 케이비아이건설(주) (주)모드멘 (주)케이비아이울트라 케이비아이알로이(주) (주)케이비아이유상테크 케이비오토텍(주) 갑을합섬(주) 동국화공(주) 동양철관(주) (주)케이비아이에이스텍 케이비아이코스모링크(주) 더보기
케이비증권,증권 중개업,"2,892명 (2024.12.31)",대기업,1962.07.14 (64년차),"1조 4,931억원 (2024.12.31)",10조 6천억원 (2024.12.31),김성현/이홍구,"4,403만원 상세보기","수입수수료,금융수익,증권매매,전산용역,투자정보판매,금현물 중개/비주거용건물(점포) 임대","국민연금, 건강보험, 고용보험, 산재보험",http://www.kbsec.com,"서울 영등포구 여의나루로 50 (여의도동, 한국교직원",KB금융그룹 케이비부동산신탁(주) 케이비신용정보(주) (주)국민은행 (주)케이비데이타시스템 (주)케이비손해사정 케이비자산운용(주) 케이비캐피탈(주) (주)케이비라이프생명보험 케이비인베스트먼트(주) (주)케이비손해보험 (주)KB금융지주 (주)케이비손보씨엔에스 (주)케이비국민카드 더보기
케이비캐피탈,금융리스업,676명,대기업,1989.11.01 (37년차),"1,608억 7천만원 (2024.12.31)","2조 5,785억원 (2024.12.31)",빈중일,"3,183만원 상세보기","시설대여,렌탈,팩토링,자동차 할부금융,가계대출,기업대출",N/A,https://www.kbcapital.co.kr/,"서울 서초구 서초대로 301 (서초동, 동익성봉빌딩) .",KB금융그룹 케이비부동산신탁(주) 케이비신용정보(주) (주)국민은행 (주)케이비데이타시스템 (주)케이비손해사정 케이비자산운용(주) (주)케이비라이프생명보험 케이비인베스트먼트(주) 케이비증권(주) (주)케이비손해보험 (주)KB금융지주 (주)케이비손보씨엔에스 (주)케이비국민카드 (주)케이비저축은행 더보기
케이씨,일반용 도료 및 관련제품 제조업,"3,687명 (2024.12.31)",대기업,1958.08.12 (68년차),480억 8천만원 (2024.12.31),"3조 1,269억원 (2024.12.31)",정몽진/정재훈,"5,030만원 상세보기","도료,건축용단열재,내외장재,석고보드,실리콘 등 제조","국민연금, 건강보험, 고용보험, 산재보험",http://www.kccworld.co.kr,"서울 서초구 사평대로 344 (서초동, 금강빌딩) KCC",케이씨씨그룹 대호포장(주) (주)동주 (주)동주피앤지 (주)케이씨씨건설 세우실업(주) (주)금강레저 신한벽지(주) 미래(주) (주)동주상사 (주)케이씨씨글라스 (주)케이씨씨실리콘 (주)케이씨더블유
케이씨씨,일반용 도료 및 관련제품 제조업,"3,687명 (2024.12.31)",대기업,1958.08.12 (68년차),480억 8천만원 (2024.12.31),"3조 1,269억원 (2024.12.31)",정몽진/정재훈,"5,030만원 상세보기","도료,건축용단열재,내외장재,석고보드,실리콘 등 제조","국민연금, 건강보험, 고용보험, 산재보험",http://www.kccworld.co.kr,"서울 서초구 사평대로 344 (서초동, 금강빌딩) KCC",케이씨씨그룹 대호포장(주) (주)동주 (주)동주피앤지 (주)케이씨씨건설 세우실업(주) (주)금강레저 신한벽지(주) 미래(주) (주)동주상사 (주)케이씨씨글라스 (주)케이씨씨실리콘 (주)케이씨더블유
케이씨씨글라스,판유리 제조업,"1,930명 (2024.12.31)",대기업,2020.01.02 (6년차),159억 7천만원 (2024.12.31),"1조 9,033억원 (2024.12.31)",정몽익/변종오,"4,800만원 상세보기",판유리 등 유리제품 제조,"국민연금, 건강보험, 고용보험, 산재보험",http://www.kccglass.co.kr,서울특별시 서초구 강남대로 587 (잠원동),케이씨씨그룹 대호포장(주) (주)동주 (주)동주피앤지 (주)케이씨씨 (주)케이씨씨건설 세우실업(주) (주)금강레저 신한벽지(주) 미래(주) (주)동주상사 (주)케이씨씨실리콘 (주)케이씨더블유
케이씨텍,반도체 제조용 기계 제조업,773명 (2024.12.31),중견기업,2017.11.01 (9년차),104억 3천만원 (2024.12.31),"3,854억 3천만원 (2024.12.31)",양호근/최동규,"4,300만원","반도체,디스플레이 제조 장비 제조","국민연금, 건강보험, 고용보험, 산재보험",http://www.kctech.co.kr,"경기 안성시 미양면 제2공단3길 12 (계륵리, 케이씨텍제4공장) (주)케이씨텍",케이씨그룹 (주)케이씨이노베이션 (주)케이씨이앤씨 (주)케이씨 (주)케이씨인더스트리얼 (주)케이씨파츠텍 (주)케이씨투자파트너스
케이씨티시,도로 화물 운송업,452명 (2024.12.31),중견기업,1973.07.20 (53년차),150억원 (2024.12.31),"6,591억 7천만원 (2024.12.31)",류주환,"4,800만원 상세보기","화물자동차운송,항만하역,창고보관,컨테이너조작,중량물해상운송","국민연금, 건강보험, 고용보험, 산재보험",http://www.kctc.co.kr,서울 중구 남대문로2가 118 한진빌딩 16층,고려에이치씨그룹 고려종합국제운송(주) 고려예선(주) 케이엠티씨로지스틱스(주) 고려항만(주) 고려훼리(주) 인천에어카고센터(주) 고려기공(주) 고려해운(주) 케이엔로지스틱스(주) 평택당진중앙부두(주) (주)에이치엠티메가라인 (주)아이티더블유메가라인 (주)고려에스엠 토탈하버서비스(주) 더보기
케이엔더블유,물류·운송·배송,205명,외국계(외국 투자기업),1996.05.03 (30년차),15억 5천만원,"2,634억",타카기 노부나리,"4,200만원 상세보기",전세계 네트워크를 가진 복합운송주선업,"국민연금, 건강보험, 고용보험, 산재보험",https://www.kwe.com,"서울 강서구 방화대로 303 (방화동, KWE 빌딩)",N/A
케이엠더블유,기타 무선 통신장비 제조업,75명 (2024.12.31),중소기업,1991.01.10 (35년차),199억 1천만원 (2024.12.31),334억 7천만원 (2024.12.31),김덕용,"4,050만원 상세보기","이동통신 기지국용 장비(RF필터, 안테나, RRH/MMR 등 RF시스템) 및 부품","국민연금, 건강보험, 고용보험, 산재보험",http://www.kmw.co.kr,경기 화성시 영천로 183-19 (영천동) 케이엠더블유,케이엠더블유그룹 (주)닛시 (주)기가테라라이팅
케이카,백화점·유통·도소매,"1,147명",중견기업,2017.11.29 (9년차),N/A,2조 1773억,정인국,N/A,"전자상거래업, 통신판매업, 상품중개업, 온라인정보제공업 外","국민연금, 건강보험, 고용보험, 산재보험",http://www.kcar.com/,"서울 영등포구 선유로43길 27 (양평동3가, 청우오토프라자) 3층",그룹 (주)케이카캐피탈
케이티,무선 및 위성 통신업,"16,828명 (2024.12.31)",대기업,1981.12.10 (45년차),"1조 5,644억원 (2024.12.31)",18조 5천억원 (2024.12.31),김영섭,"4,467만원 상세보기","유무선통신사업,공중전기통신사업,인터넷,전자상거래,네트워크(전용회선,데이터통신,초고속사업 등)","국민연금, 건강보험, 고용보험, 산재보험",http://www.kt.com,경기 성남시 분당구 정자동 206,케이티그룹 (주)케이티지니뮤직 (주)스마트로 이니텍(주) (주)케이티스카이라이프 브이피(주) (주)케이티나스미디어 (주)케이티아이에스 (주)케이티씨에스 케이티커머스(주) (주)케이티이엔에이 케이티텔레캅(주) (주)케이티엠앤에스 케이티링커스(주) (주)케이티엔지니어링 비씨카드(주) 더보기
케이티스카이라이프,방송·케이블·프로덕션,N/A,대기업,-,N/A,N/A,최영범,N/A,"위성방송(채널임대,패키징)/방송컨텐츠 제공","국민연금, 건강보험, 고용보험, 산재보험",http://www.ktskylife.co.kr,"서울 마포구 매봉산로 75 (상암동, 디디엠씨(DDMC)) 8,9층",케이티그룹 (주)케이티지니뮤직 (주)스마트로 이니텍(주) 브이피(주) (주)케이티나스미디어 (주)케이티아이에스 (주)케이티씨에스 케이티커머스(주) (주)케이티이엔에이 케이티텔레캅(주) (주)케이티엠앤에스 케이티링커스(주) (주)케이티 (주)케이티엔지니어링 비씨카드(주) (주)케이티엠오에스남부 더보기
케이티알파,포털·컨텐츠·커뮤니티,674명,대기업,1991.12.12 (35년차),357억 1천만원,"2,789억",박승표,"2,760만원 상세보기","커머스, DX플랫폼, 콘텐츠","국민연금, 건강보험, 고용보험, 산재보험",https://www.ktalpha.com,"서울 동작구 보라매로5길 23 (신대방동, 삼성보라매옴니타워) kt alpha",케이티그룹 (주)케이티지니뮤직 (주)스마트로 이니텍(주) (주)케이티스카이라이프 브이피(주) (주)케이티나스미디어 (주)케이티아이에스 (주)케이티씨에스 케이티커머스(주) (주)케이티이엔에이 케이티텔레캅(주) (주)케이티엠앤에스 케이티링커스(주) (주)케이티 (주)케이티엔지니어링 비씨카드(주) 더보기
케이티앤지,담배 제조업,"4,240명 (2024.12.31)",대기업,1987.04.01 (39년차),"9,549억 5천만원 (2024.12.31)","3조 7,045억원 (2024.12.31)",방경만,"5,000만원 상세보기","잎담배,제조담배,홍삼,홍삼제품 제조,판매","국민연금, 건강보험, 고용보험, 산재보험",http://www.ktng.com,대전 대덕구 평촌동 100번지 (주)케이티앤지,케이티앤지그룹 (주)한국인삼공사 태아산업(주) 영진약품(주) (주)케이지씨라이프앤진 (주)코스모코스 (주)케이지씨예본 (주)상상스테이 센트럴팜(주) 디앤씨덕은(주) (주)과천상상피에프브이 마스턴제144호피에프브이(주) 청라메디폴리스피에프브이(주) 이든더파인센트럴서초(주) 청라메디폴리스개발(주) 더보기
코리아써키트,인쇄회로기판용 적층판 제조업,"1,173명 (2024.12.31)",대기업,1972.04.11 (54년차),136억 8천만원 (2024.12.31),"7,206억 9천만원 (2024.12.31)",장세준,"4,500만원","인쇄회로기판,Module 제조/부동산(건물) 임대","국민연금, 건강보험, 고용보험, 산재보험",http://www.kcg.co.kr,경기 안산시 단원구 성곡동 599번지 21블럭 23호,영풍그룹 영풍문고홀딩스(주) 코리아니켈(주) 유미개발(주) 서린정보기술(주) 영풍개발(주) (주)영풍 고려아연(주) 케이지트레이딩(주) 시그네틱스(주) 케이젯정밀(주) (주)케이지엑스 영풍전자(주) (주)테라닉스 (주)인터플렉스 (주)알란텀 (주)영풍이앤이 케이지그린텍(주) 스틸싸이클(주) 더보기
코리아에셋투자증권,그 외 기타 금융 지원 서비스업,207명 (2024.09.30),대기업,2000.01.07 (26년차),319억 4천만원 (2024.03.31),"2,172억 5천만원 (2024.03.31)",기동호/김은섭,N/A,"IB금융자문,채권인수,매매,투자중개,펀드운용","국민연금, 건강보험, 고용보험, 산재보험",http://www.kasset.co.kr,서울특별시 영등포구 여의나루로 57 (여의도동) 12층,더케이파트너스그룹 더케이파트너스(유)
코리안리,재 보험업,436명 (2024.12.31),대기업,1963.03.19 (63년차),974억 1천만원 (2024.12.31),"6조 8,031억원 (2024.12.31)",원종규,"3,015만원 상세보기",금융보험/부동산 임대,"국민연금, 건강보험, 고용보험, 산재보험",http://www.koreanre.co.kr,서울 종로구 수송동 80,N/A
코미코,반도체 제조용 기계 제조업,767명 (2024.12.31),중견기업,2013.08.13 (13년차),52억 3천만원 (2024.12.31),"1,597억 2천만원 (2024.12.31)",최용하,"2,667만원","반도체 부품 제조,세정,코팅","국민연금, 건강보험, 고용보험, 산재보험",http://www.komico.com,경기도 안성시 신모산동 79 (주)코미코,미코그룹 (주)미코 (주)미코하이테크 (주)미코바이오메드 현대중공업파워시스템(주) (주)미코세라믹스 (주)미코파워 (주)청교 (주)에코이노베이션
코미팜,동물용 의약품 제조업,163명 (2024.12.31),중소기업,1972.09.21 (54년차),70억 6천만원 (2024.12.31),588억 3천만원 (2024.12.31),문성철/양경훈,N/A,"동물약품(예방약백신,치료제,주사제,소독약품) 제조,도매","국민연금, 건강보험, 고용보험, 산재보험",http://www.komipharm.com,"경기 시흥시 경제로 17 (정왕동, (주)코미팜) 코미팜",N/A
코스맥스,N/A,N/A,N/A,N/A,N/A,N/A,N/A,N/A,N/A,N/A,N/A,N/A,N/A
코스맥스비티아이,N/A,N/A,N/A,N/A,N/A,N/A,N/A,N/A,N/A,N/A,N/A,N/A,N/A
코스모신소재,그 외 기타 분류 안된 화학제품 제조업,463명 (2024.12.31),중견기업,1973.06.28 (53년차),325억 1천만원 (2024.12.31),"5,697억 2천만원 (2024.12.31)",홍동환,N/A,"이차전지양극활물질,기능성필름,토너 제조","국민연금, 건강보험, 고용보험, 산재보험",http://www.cosmoamt.com,인천 서구 가좌동 552-26,코스모그룹 코스모촉매(주) 코스모화학(주) (주)코스모앤컴퍼니 (주)코스모엘앤비 (주)코스모이앤씨
코스모화학,바이오 연료 및 혼합물 제조업,291명 (2024.12.31),중견기업,1968.02.12 (58년차),384억 8백만원 (2024.12.31),"1,724억 5천만원 (2024.12.31)",김두영,"4,000만원 상세보기","이산화티타늄,황산코발트,부산물 제조,도매","건강보험, 고용보험, 산재보험",http://www.cosmochem.co.kr,울산 울주군 온산읍 원봉로 55 (원산리) 코스모화학(주),코스모그룹 코스모촉매(주) 코스모신소재(주) (주)코스모앤컴퍼니 (주)코스모엘앤비 (주)코스모이앤씨
코아스,목재·제지·가구,320명,중소기업,1984.01.05 (42년차),-,-,노재근,N/A,사무용 가구 제조,N/A,http://www.ikoas.com/,"경기 파주시 탄현면 방촌로 493 (법흥리, (주)한국OA) (주)코아스",N/A
코오롱,섬유·의류·패션,"11,289명",대기업,1957.04.12 (69년차),-,9조 3천억원,안병덕,N/A,화학/패션/건설/유통/수처리/바이오/IT/헬스케어/레저,"국민연금, 건강보험, 고용보험, 산재보험",http://www.kolon.com/,"경기 과천시 코오롱로 11 (별양동, 코오롱) 코오롱타워",N/A
코오롱ENP,섬유·의류·패션,"11,289명",대기업,1957.04.12 (69년차),-,9조 3천억원,안병덕,N/A,화학/패션/건설/유통/수처리/바이오/IT/헬스케어/레저,"국민연금, 건강보험, 고용보험, 산재보험",http://www.kolon.com/,"경기 과천시 코오롱로 11 (별양동, 코오롱) 코오롱타워",N/A
코오롱글로벌,섬유·의류·패션,"11,289명",대기업,1957.04.12 (69년차),-,9조 3천억원,안병덕,N/A,화학/패션/건설/유통/수처리/바이오/IT/헬스케어/레저,"국민연금, 건강보험, 고용보험, 산재보험",http://www.kolon.com/,"경기 과천시 코오롱로 11 (별양동, 코오롱) 코오롱타워",N/A
코오롱생명과학,완제 의약품 제조업,437명 (2024.12.31),대기업,2000.04.21 (26년차),62억 1천만원 (2024.12.31),"1,596억 7천만원 (2024.12.31)",김선진,"3,868만원 상세보기","항균제,수처리제,원료의약 등 제조,연구,개발","국민연금, 건강보험, 고용보험, 산재보험",http://www.kolonls.co.kr,경기 과천시 별양동 1-23 코오롱타워 9층,코오롱그룹 코오롱스페이스웍스(주) 코오롱베니트(주) (주)코오롱인베스트먼트 (주)엑시아머티리얼스 코오롱아우토(주) (주)코오롱 코오롱글로텍(주) 코오롱제약(주) (주)케이에프엔티 덕평랜드(주) 그린나래(주) 스위트밀(주) (주)엠오디 코오롱글로벌(주) 코오롱이앤피(주) 코오롱머티리얼(주) 더보기
코오롱인더,섬유·의류·패션,"11,289명",대기업,1957.04.12 (69년차),-,9조 3천억원,안병덕,N/A,화학/패션/건설/유통/수처리/바이오/IT/헬스케어/레저,"국민연금, 건강보험, 고용보험, 산재보험",http://www.kolon.com/,"경기 과천시 코오롱로 11 (별양동, 코오롱) 코오롱타워",N/A
코웨이,렌탈·임대·리스,"20,000명",중소기업,1989.05.22 (37년차),-,-,서재용,N/A,정수기 A/S 및 고객관리,N/A,-,"부산 부산진구 부전로 79 (부전동, 동아빌딩) 5층",N/A
코웰패션,"섬유, 의복, 신발 및 가죽제품 소매업",316명 (2024.12.31),중견기업,1974.06.11 (52년차),303억 6천만원 (2024.12.31),444억 1천만원 (2024.12.31),최용석,N/A,"섬유,의복,신발,가죽제품 소매/언더웨어,란제리,스포츠의류,필름콘덴서,탄소저항기,전해축전기,메탈필름저항기,전자부품 제조","국민연금, 건강보험, 고용보험, 산재보험",http://www.cowellfashion.co.kr,"경기 수원시 영통구 신원로 270 (원천동, 코웰패션주식회사) 코웰패션주식회사 필코전자사업부",대명화학그룹 (주)모다이노칩 로젠(주) (주)체리피시 (주)디에이피 (주)고려에프앤에프 (주)메가슈플렉스에스마켓코리아 (주)대명화학 (주)워크업아웃도어 에어로케이홀딩스(주) 에어로케이항공(주) (주)파인드폼 (주)비바스튜디오 (주)디코드컴퍼니 (주)베이스먼트랩 (주)분크 (주)모스트 더보기
콘텐트리중앙,일반 영화 및 비디오물 제작업,147명 (2024.12.31),중견기업,1987.09.28 (39년차),963억 1천만원 (2024.12.31),317억 6천만원 (2024.12.31),이중원/홍정인,N/A,"영화,방송프로그램 제작,유통/광고,SO 영업대행/매거진 발행/영화티켓(메가박스) 판매","국민연금, 건강보험, 고용보험, 산재보험",http://www.contentreej.com,서울특별시 종로구 수송동 58 두산위브파빌리온,중앙그룹 메가박스중앙(주) 에스엘엘중앙(주) 중앙일보엠앤피(주) 중앙피앤아이(주) 플레이타임중앙(주) 중앙일보에스(주) 중앙일보(주) 휘닉스중앙제주(주) 휘닉스중앙(주) 허스트중앙(유) (주)다보중앙 중앙홀딩스(주) 미디어프린팅넷(주) 제이티비씨스포츠(주) 제이티비씨(주) 제이티비씨미디어텍(주) 더보기
콜마비앤에이치,의약용 화합물 및 항생물질 제조업,528명 (2024.12.31),중견기업,2014.04.22 (12년차),147억 7천만원 (2024.12.31),"4,690억 2천만원 (2024.12.31)",윤여원,"4,204만원","건강기능식품원료,화장품소재 개발,제조,도소매","국민연금, 건강보험, 고용보험, 산재보험",http://www.kolmarbnh.co.kr,충북 음성군 대소면 대풍산단1길 8 (대풍리) 콜마비앤에이치,콜마홀딩스그룹 콜마유엑스(주) 콜마홀딩스(주) (주)연우 (주)에치엔지 콜마스크(주) (주)넥스트앤바이오 농업회사법인근오농림(주) 에이치케이이노엔(주) 콜마생활건강(주) (주)레슬리 (주)플래닛147 콜마글로벌(주) (주)엠오디머티어리얼즈 (주)라우드랩스 (주)에이치케이케미스토리
콜마홀딩스,N/A,N/A,N/A,N/A,N/A,N/A,N/A,N/A,N/A,N/A,N/A,N/A,N/A
쿠쿠홀딩스,주방용 전기기기 제조업,713명 (2024.12.31),중견기업,2017.12.01 (9년차),25억원 (2024.12.31),"7,479억 7천만원 (2024.12.31)",구본학,"3,604만원","주방용전기기기,생활필수품 제조","국민연금, 건강보험, 고용보험, 산재보험",http://www.cuckoo.co.kr,경남 양산시 유산공단2길 14 (교동) 쿠쿠본사 1공장,쿠쿠홀딩스그룹 엔탑(주) 쿠쿠홀딩스(주) 쿠쿠홈시스(주) 쿠쿠사회복지재단
쿠쿠홈시스,주방용 전기기기 제조업,713명 (2024.12.31),중견기업,2017.12.01 (9년차),25억원 (2024.12.31),"7,479억 7천만원 (2024.12.31)",구본학,"3,604만원","주방용전기기기,생활필수품 제조","국민연금, 건강보험, 고용보험, 산재보험",http://www.cuckoo.co.kr,경남 양산시 유산공단2길 14 (교동) 쿠쿠본사 1공장,쿠쿠홀딩스그룹 엔탑(주) 쿠쿠홀딩스(주) 쿠쿠홈시스(주) 쿠쿠사회복지재단
큐렉소,제약·보건·바이오,102명,중견기업,1992 (34년차),205억 4천만원 (2024.12.31),555억 3천만원 (2024.12.31),이재준,N/A,"의료기기 제조 및 수입, 판매","국민연금, 건강보험, 고용보험, 산재보험",http://www.curexo.com,서울 송파구 위례순환로 480 (장지동) 3-4층,에치와이그룹 (주)팔도 (주)엔이능률 (주)비락 (주)에치와이 제이레저(주) (주)메디컬그룹나무 (주)에이치와이모빌리티 (주)팔도테크팩 (주)부릉 (주)부릉라이더스 (주)에이치피아이 (주)라이더스신용대부
큐캐피탈,기타 금융 투자업,24명 (2024.12.31),중소기업,1982.12.17 (44년차),891억 2천만원 (2024.12.31),186억 6천만원 (2024.12.31),황희연,N/A,"여신전문금융업(신기술금융,시설대여업),자금출자,융자,기업구조조정","국민연금, 건강보험, 고용보험, 산재보험",http://www.qcapital.co.kr,서울 강남구 역삼2동 706-1 카이트타워 11층,큐로홀딩스그룹 (주)큐로홀딩스 (주)초록뱀미디어 (주)큐로트레이더스 (주)서울제약 (주)케이원 두산건설(주) 네오트랜스(주) (주)초록뱀엔터테인먼트 (주)큐로에프앤비 (주)크레오에스지 (주)지엔코 (주)티엔엔터테인먼트 (주)필리에라 케이파트너스(주) (주)에이트웍스 (주)케이플러스홀딩스 더보기
크라운제과,과자류 및 코코아 제품 제조업,"1,298명 (2024.12.31)",중견기업,2017.03.01 (9년차),26억 5천만원 (2024.12.31),"4,381억 2백만원 (2024.12.31)",윤석빈,"3,890만원 상세보기","과자(비스킷,스낵,당과) 제조,도소매/상품중개","국민연금, 건강보험, 고용보험, 산재보험",http://www.crown.co.kr,"서울 용산구 한강대로72길 3 (남영동, 해태제과) 크라운제과",크라운해태홀딩스그룹 (주)씨에이치테크 해태제과식품(주) (주)두라푸드 (주)크라운해태홀딩스 (주)빨라쪼 (주)아트밸리 (주)영그린 (주)코디서비스코리아 해태가루비(주) 글리코해태(주) 훼미리식품(주)
크라운해태홀딩스,지주회사,86명 (2024.12.31),중견기업,1968.09.18 (58년차),77억 2천만원 (2024.12.31),182억 1천만원 (2024.12.31),윤석빈,"3,300만원 상세보기","지주회사/비스켓,쵸코렛,사탕,웨이퍼 제조,도매",N/A,http://www.crown.co.kr,서울 용산구 남영동 131-1 크라운해태홀딩스,크라운해태홀딩스그룹 (주)씨에이치테크 해태제과식품(주) (주)두라푸드 (주)빨라쪼 (주)아트밸리 (주)영그린 (주)코디서비스코리아 해태가루비(주) (주)크라운제과 글리코해태(주) 훼미리식품(주)
크래프톤,N/A,N/A,N/A,N/A,N/A,N/A,N/A,N/A,N/A,N/A,N/A,N/A,N/A
클래시스,그 외 기타 의료용 기기 제조업,517명 (2024.12.31),중소기업,2015.01.15 (11년차),66억 2천만원 (2024.12.31),"2,425억원1십만원 (2024.12.31)",백승한,"3,300만원","의료용기기 제조,도소매","국민연금, 건강보험, 고용보험, 산재보험",http://www.classys.co.kr,"서울 강남구 테헤란로 208 (역삼동, 클래시스) 클래시스",클래시스그룹 (주)엔슨
키다리스튜디오,포털·컨텐츠·커뮤니티,300명,대기업 계열사·자회사,1987.07.29 (39년차),182억 2천만원,"1,191억",허흥범,"4,075만원",전자책서비스/웹툰서비스 외,"국민연금, 건강보험, 고용보험, 산재보험",http://www.kidaristudio.com,"서울 성동구 연무장11길 8 (성수동2가, CORNER50) 키다리스튜디오",다우키움그룹 키움인베스트먼트(주) 한국정보인증(주) (주)키움이앤에스 키움증권(주) (주)이머니 키움에셋플래너(주) (주)사람인 (주)다우데이타 키움투자자산운용(주) (주)키움저축은행 (주)키움예스저축은행 (주)다우기술 (주)애드이피션시 에스지서비스(주) (주)키다리스타 (주)사람인에이치에스 더보기
키움증권,증권 중개업,972명 (2024.12.31),대기업,2000.04.01 (26년차),"1,452억 2천만원 (2024.12.31)",10조 2천억원 (2024.12.31),엄주성,"2,976만원 상세보기","유가증권의 매매,위탁,인수,주선","국민연금, 건강보험, 고용보험, 산재보험",http://www.kiwoom.com,"서울 영등포구 여의나루로4길 18 (여의도동, 키움파이낸스스퀘어) 키움증권(주)",다우키움그룹 키움인베스트먼트(주) 한국정보인증(주) (주)키움이앤에스 (주)이머니 키움에셋플래너(주) (주)사람인 (주)키다리스튜디오 (주)다우데이타 키움투자자산운용(주) (주)키움저축은행 (주)키움예스저축은행 (주)다우기술 (주)애드이피션시 에스지서비스(주) (주)키다리스타 더보기
키이스트,방송 프로그램 제작업,36명 (2024.12.31),대기업,1996.10.08 (30년차),97억 7천만원 (2024.12.31),758억 4천만원 (2024.12.31),조지훈,"2,880만원 상세보기","드라마,영화,음반 제작/연예인 매니지먼트","국민연금, 건강보험, 고용보험, 산재보험",http://www.keyeast.co.kr,서울 강남구 학동로11길 30 (논현동) 3층,카카오그룹 (주)카카오 (주)에스엠엔터테인먼트 (주)테인스밸리 (주)에스엠컬처앤콘텐츠 (주)에스엠라이프디자인그룹 동고택시(주) (주)비글 로고스필름(주) (주)엑스엘게임즈 (주)아이앤아이소프트 (주)케이엠파크 (주)쇼노트 (주)레디엔터테인먼트 (주)엔플루토 (주)케이큐브홀딩스 (주)카카오페이증권 더보기
탑머티리얼,화학·에너지·환경,90명,중소기업,2012.02.12 (14년차),29억 7천만원,630억 1천만원,노환진,"3,902만원","이차전지 제조, 관련 장비, 턴키 엔지니어링","국민연금, 건강보험, 고용보험, 산재보험",http://www.topmaterial.co.kr,경기도 이천시 호법면 덕평로 554-30 .,코윈테크그룹 (주)코윈테크 (주)코윈솔루션
태경산업,기타 기초 무기 화학물질 제조업,232명 (2024.12.31),중견기업,1982.02.15 (44년차),146억 1천만원 (2024.12.31),"1,421억 2천만원 (2024.12.31)",김해련/박충기/김민정,N/A,"제강용 정련제(프락스),카바이드,중질탈산칼슘 제조,판매/고속도로휴게소 운영","국민연금, 건강보험, 고용보험, 산재보험",http://www.taekyungind.co.kr,서울 강서구 등촌1동 652-12 송원빌딩,태경그룹 (주)라이온켐텍 태경에코(주) (주)태경비케이 태경가스기술(주) 태경케미컬(주) 태경에스비씨(주) (주)남영전구 태경에프앤지(주) (주)태경코엠 (주)태경네트워크 (주)라이온첨단소재
태경케미컬,화학·에너지·환경,29명,중견기업,1991.03.15 (35년차),-,-,박기환,N/A,"액체탄산, 드라이아이스 제조","국민연금, 건강보험, 고용보험, 산재보험",http://taekyungchem.co.kr,"충남 서산시 대산읍 독곶2로 96-43 (독곶리, 태경화학(주)) 태경케미컬",N/A
태광산업,합성섬유 제조업,906명 (2024.12.31),중견기업,1961.09.15 (65년차),55억 6천만원 (2024.12.31),"1조 8,952억원 (2024.12.31)",유태호,"4,240만원 상세보기","화섬사,모방직물,담요,석유화학제품(AN,PTA),오디오기기 제조","국민연금, 건강보험, 고용보험, 산재보험",http://www.taekwang.co.kr,서울 중구 장충동2가 162-1,태광그룹 흥국자산운용(주) (주)이채널 흥국증권(주) 대한화섬(주) (주)예가람저축은행 (주)한국케이블텔레콤 흥국화재해상보험(주) 흥국생명보험(주) (주)고려저축은행 (주)티시스 (주)티알엔 (주)메르뱅 (주)티캐스트 (주)세광패션 서한물산(주) (주)큰희망 티엘케미칼(주) 더보기
태양금속공업,그 외 자동차용 신품 부품 제조업,497명 (2025.03.24),중견기업,1954.03.01 (72년차),200억원 (2024.12.31),"3,728억 2천만원 (2024.12.31)",한우삼/한하워드성,"4,050만원 상세보기","자동차용 강력볼트,너트,전기전자제품용 나사,자전거부품,전해동박,도금도장설비 제조","국민연금, 건강보험, 고용보험, 산재보험",http://www.taeyangmetal.com,"경기 안산시 단원구 해봉로 212 (성곡동, 태양금속공업(주)) 태양금속공업",태양금속공업그룹 (주)프라이맥스 (주)썬테크
태영건설,종합 건설업,"1,309명 (2024.12.31)",대기업,1973.11.20 (53년차),"1,472억 5천만원 (2024.12.31)","2조 5,269억원 (2024.12.31)",최금락/최진국,"4,289만원 상세보기","종합건설업(토목공사,도로공사,건축공사,관급공사,환경공사,상하수도공사,하수종말처리공사)/부동산 임대,매매","국민연금, 건강보험, 고용보험, 산재보험",http://www.taeyoung.com,경기 고양시 일산동구 장항2동 868 웨스턴타워 4동 502호,태영그룹 (주)스튜디오에스 (주)에스비에스에이앤티 (주)에스비에스미디어넷 (주)디엠씨미디어 (주)에코시티 (주)태영디앤아이 대구남부순환도로(주) (주)SBS 대구남부에이엠씨(주) 신경주역세권공영개발(주) 신경주지역개발(주) (주)인제스피디움 (주)태영유니시티 경산에코에너지(주) 더보기
태원물산,자동차·조선·철강·항공,35명,중소기업,1979.05.01 (47년차),38억원,218억,남기영,N/A,자동차부품제조업,"국민연금, 건강보험, 고용보험, 산재보험",http://www.twms.co.kr,"인천 미추홀구 방축로 286 (주안동, 태원물산(주)) 태원물산(주)",N/A
테스,전기·전자·제어,N/A,벤처기업,2002 (24년차),N/A,N/A,"주숭일, 이재호",N/A,반도체 장비 제조 및 Solar Cell Business,"국민연금, 건강보험, 고용보험, 산재보험",https://hites.career.greetinghr.com/,경기 용인시 처인구 양지면 제일리 640-1,테스그룹 테스투자파트너스(주)
테이팩스,플라스틱 접착처리 제품 제조업,354명 (2024.12.31),중견기업,1994.08.01 (32년차),37억 9천만원 (2024.12.31),"1,341억 7천만원 (2024.12.31)",허지행,"3,200만원 상세보기","OCA,2차전지용 테이프,산업용 랩 등 제조,도매,무역/포장기계 도소매/부동산 임대","국민연금, 건강보험, 고용보험, 산재보험",http://www.tapex.co.kr,경기 화성시 양감면 초록로532번길 62-16 (사창리),한솔그룹 한솔페이퍼텍(주) 한솔아이원스(주) 한솔인티큐브(주) 한솔홀딩스(주) (주)한솔케미칼 한솔피엔에스(주) 한솔테크닉스(주) 한솔에코패키징(주) 한솔로지스틱스(주) (주)한솔홈데코 문경에스코(주) 한솔제지(주) 코스코페이퍼(주) (주)바이옥스 한솔티씨에스(주) (주)솔머티리얼즈 더보기
텔코웨어,응용 소프트웨어 개발 및 공급업,178명 (2024.12.31),중소기업,2000.01.11 (26년차),50억 2천만원 (2024.12.31),448억 5천만원 (2024.12.31),금한태/배성,N/A,"소프트웨어(핵심망솔루션,무선데이터솔루션,요소기술) 개발,유지보수,무역","국민연금, 건강보험, 고용보험, 산재보험",http://www.telcoware.com,서울 서초구 서초동 1708-2,텔코웨어그룹 텔코인(주)
토니모리,생활화학·화장품,160명,중견기업,2006.05.02 (20년차),20억원,1600억,김승철,"3,600만원 상세보기",화장품 유통 및 판매,"국민연금, 건강보험, 고용보험, 산재보험",https://tonystreet.com/,서울 서초구 남부순환로 2557 (서초동) 토니모리빌딩,N/A
토스뱅크,모바일·APP,"1,405명",벤처기업,2013.04.23 (13년차),355억 6백만원 (2024.12.31),"5,870억 5천만원 (2024.12.31)",이승건,"3,150만원 상세보기",금융플랫폼,"국민연금, 건강보험, 고용보험, 산재보험",https://career.toss.im/,"서울 강남구 테헤란로 142 (역삼동, 캐피탈타워) B존 12층 Toss",비바리퍼블리카그룹 (주)아이샵케어 토스모바일(주) 브이씨엔씨(주) (주)아시아피플 토스인슈어런스(주) 토스증권(주) 토스뱅크(주) 토스페이먼츠(주) 토스인컴(주) (유)티엔에이엠 (유)편안한이동 토스플레이스(주) 토스씨엑스(주) (유)편안한이동넥스트 토스인사이트(주)
티비에이치글로벌,N/A,N/A,N/A,N/A,N/A,N/A,N/A,N/A,N/A,N/A,N/A,N/A,N/A
티씨케이,그 외 기타 분류 안된 비금속 광물제품 제조업,448명 (2024.12.31),중견기업,1996.08.07 (30년차),58억 3천만원 (2024.12.31),"2,757억 2천만원 (2024.12.31)",신히데오/오창민,"5,650만원 상세보기","반도체제조공정용 고순도흑연제품,핫존용 고순도흑연부재,엣칭용 전극판류 제조,도매,무역대리","국민연금, 건강보험, 고용보험, 산재보험",http://www.tck.co.kr,경기 안성시 미양면 개정리 758-1,N/A
티에스이,"전자기 측정, 시험 및 분석기구 제조업",736명 (2024.12.31),중견기업,1995.08.31 (31년차),55억 3천만원 (2024.12.31),"2,209억 9천만원 (2024.12.31)",김철호/김명진,N/A,"테스트인터페이스 시스템,전자제어장비,반도체시험장비 제조/도매/장비수리","국민연금, 건강보험, 고용보험, 산재보험",http://www.tse21.com,충남 천안시 서북구 직산읍 군수1길 189 (군서리) (주)티에스이,티에스이그룹 (주)엘디티 (주)타이거일렉 (주)메가센 (주)지엠테스트 (주)메가터치
티에이치엔,자동차·조선·철강·항공,295명,중소기업,1986 (40년차),90억원,1300억,채석,"5,000만원 상세보기",자동차용 전기배선장치 제조업 외,"국민연금, 건강보험, 고용보험, 산재보험",http://www.th-net.co.kr,대구 달서구 갈산동 973-3번지,N/A
티와이홀딩스,전자상거래 소매업,9명 (2021.04.21),중소기업,2019.04.13 (7년차),"5,000만원 (2020.12.31)","9억 9,487만원 (2020.12.31)",김대훈,N/A,"전자상거래업(해외구매대행업),수출입상품종합중개업,상품종합무역업,소프트웨어개발,물류대행업,디자인 제작 판매","고용보험, 산재보험",http://www.thghds.com,"서울 강서구 공항대로 227 (마곡동, 마곡센트럴타워Ⅰ) 819호",N/A
티웨이항공,항공 여객 운송업,"3,805명 (2024.12.31)",중견기업,2010.08.16 (16년차),"1,076억 8천만원 (2024.12.31)","1조 5,372억원 (2024.12.31)",정홍근,"3,983만원 상세보기","부정기 항공여객 운송/기내식 제조,포장","국민연금, 건강보험, 고용보험, 산재보험",http://www.twayair.com,"서울 강서구 하늘길 210 (공항동, 한국항공화물청사) 김포국제공항 화물청사",예림당그룹 (주)티웨이홀딩스 (주)예림랜드 (주)예림당 (주)예림문고 (주)성원디앤아이 (주)티웨이에어서비스
티웨이홀딩스,호텔·여행·항공,494명,중견기업,2017.10.27 (9년차),3억원 (2024.12.31),272억 9천만원 (2024.12.31),최상원,"3,200만원","티웨이항공 계열사, 티웨이항공 국내/국제 항공 지상조업 및 예약센터, 기내탑재 운영","국민연금, 건강보험, 고용보험, 산재보험",-,"서울 강서구 하늘길 210 (공항동, 한국항공화물청사) 205-3호 티웨이에어서비스",예림당그룹 (주)티웨이항공 (주)티웨이홀딩스 (주)예림랜드 (주)예림당 (주)예림문고 (주)성원디앤아이
티케이케미칼,합성섬유 제조업,197명 (2024.12.31),대기업,2007.11.09 (19년차),454억 4천만원 (2024.12.31),"3,395억 7천만원 (2024.12.31)",이동수,"3,000만원 상세보기","합성섬유(수지,폴리에스터,스판덱스) 제조,도매,수출/아파트공사,분양","국민연금, 건강보험, 고용보험, 산재보험",http://www.tkchemi.co.kr,"서울 강서구 마곡중앙8로 78 (마곡동, 에스엠알앤디센 10층",SM그룹 케이엘씨에스엠(주) 에스엠화진(주) 에스엠상선(주) (주)한스케미칼 (주)에스엠바로코사경인 에스엠자산개발(주) 창명해운(주) (주)태길종합건설 에스엠신용정보(주) (주)에스엠바로코사 한덕철광산업(주) 신촌역사(주) 에스엠에이엠씨투자대부(주) 한국선박금융(주) 국일제지(주) 우방토건(주) 더보기
파라다이스,기타 사행시설 관리 및 운영업,"1,339명 (2024.12.31)",중견기업,1972.04.27 (54년차),474억 4천만원 (2024.12.31),"4,192억 8천만원 (2024.12.31)",최종환,"3,900만원 상세보기","카지노,호텔,복합리조트","국민연금, 건강보험, 고용보험, 산재보험",http://www.paradise.co.kr,서울 중구 장충동2가 186-210,파라다이스그룹 (주)파라다이스글로벌 (주)비노파라다이스 계룡에스피씨(주) (주)파라다이스호텔부산 (주)파라다이스투어 (주)파라다이스플래닝 (주)파라다이스세가사미 (주)파라다이스에이치앤알 (주)파라다이스이앤에이 (주)비노에프앤비
파마리서치,제약·보건·바이오,450명,중견기업,1993.12.20 (33년차),54억원,"3,408억원","강기석, 김신규","4,260만원 상세보기","의료기기, 의약품, 화장품, 건강기능식품","국민연금, 건강보험, 고용보험, 산재보험",http://pharmaresearch.co.kr,"경기 성남시 분당구 판교로255번길 62 (삼평동, 파마리서치및아이코닉스판교사옥) (주)파마리서치",파마리서치그룹 (주)파마리서치바이오 (주)수인베스트먼트캐피탈 (주)메디코슨 (주)튜링바이오 (주)파마리서치에이치앤비 (주)플루토 (주)파마리서치메디케어
파미셀,화학·에너지·환경,51명,중소기업,2002.11.27 (24년차),-,-,김성년,"3,300만원","세계적인 제약회사들의 신약개발에 필요한 원료물질 및 소재물질 개발, 생산","국민연금, 건강보험, 고용보험, 산재보험",http://www.pharmicell.com,울산 울주군 온산읍 공단로 249 (화산리) 파미셀(주)케미컬사업부문,N/A
파크시스템스,"기타 측정, 시험, 항해, 제어 및 정밀기기 제조업",361명 (2024.12.31),중소기업,1997.04.07 (29년차),34억 9천만원 (2024.12.31),"1,418억 4천만원 (2024.12.31)",박상일,"3,370만원","반도체공정용원자현미경,첨단계측장비 제조,도매,무역","국민연금, 건강보험, 고용보험, 산재보험",http://www.parksystems.com,"경기 수원시 영통구 광교로 109 (이의동, 한국나노기술원) 15층",N/A
파트론,그 외 기타 전자부품 제조업,549명 (2024.12.31),중견기업,2003.01.28 (23년차),294억 5천만원 (2024.12.31),"1조 3,851억원 (2024.12.31)",김종구/김원근,"4,021만원 상세보기","카메라모듈,안테나,센서류 등 제조","국민연금, 건강보험, 고용보험, 산재보험",http://www.partron.co.kr,경기 화성시 석우동 22-6번지,파트론그룹 엘컴텍(주) (주)파트론이에스엘
팜스코,식품가공,421명,대기업,1973 (53년차),183억 6천만원,1조 6643억,김남욱,"4,900만원 상세보기",배합사료 및 식품 제조,"국민연금, 건강보험, 고용보험, 산재보험",http://www.farmsco.com,"경기 안성시 미양면 제2공단4길 33 (계륵리, (주)팜스코) (주)팜스코",하림그룹 농업회사법인(주)선진한마을 농업회사법인(주)주원산오리 농업회사법인(주)익산 (주)선진햄 (주)한강식품 (주)엔에스쇼핑 (주)올품 (주)에버미라클 (주)경우 (주)맥시칸 (주)하림지주 지포레(주) 농업회사법인(주)순우리 (주)싱그린에프에스 팬오션(주) (주)선진에프에스 (주)청운농업회사법인 더보기
팜젠사이언스,제약·보건·바이오,280명,중견기업,1961.10.07 (65년차),79억 1천만원,"1,510억","박희덕,김혜연","3,940만원 상세보기",의약품 제조 및 판매,"국민연금, 건강보험, 고용보험, 산재보험",http://www.pharmgenscience.com,"서울 서초구 동작대로 216 (방배동, 팜젠사이언스빌딩)",팜젠사이언스그룹 커넥타젠(주) (주)포레스토리 (주)엑세스바이오코리아 웰스바이오(주) (주)인큐텐 (주)팜젠헬스케어 (주)비라이트인베스트먼트 비라이트파트너스(주)
팬오션,외항 화물 운송업,"1,239명 (2024.12.31)",대기업,1966.05.28 (60년차),"5,345억 7천만원 (2024.12.31)",4조 689억원 (2024.12.31),"김홍국, 안중호","4,000만원 상세보기","해상화물운송(외항,운수보관)","국민연금, 건강보험, 고용보험, 산재보험",http://www.panocean.com,"서울 종로구 종로5길 7 (청진동, Tower 8) 팬오션주식회사",하림그룹 농업회사법인(주)선진한마을 농업회사법인(주)주원산오리 (주)팜스코 농업회사법인(주)익산 (주)선진햄 (주)한강식품 (주)엔에스쇼핑 (주)올품 (주)에버미라클 (주)경우 (주)맥시칸 (주)하림지주 지포레(주) 농업회사법인(주)순우리 (주)싱그린에프에스 (주)선진에프에스 더보기
퍼스텍,무기 및 총포탄 제조업,398명 (2024.12.31),중견기업,1975.09.25 (51년차),243억 8천만원 (2024.12.31),"2,072억 7천만원 (2024.12.31)",손경석,"4,100만원","방위산업제품,프린터,불소화합물,자동차용 매트 제조/얼굴인식시스템 개발","국민연금, 건강보험, 고용보험, 산재보험",http://www.firsteccom.co.kr,경남 창원시 성산구 내동 456-8번지,후성그룹 후성정공(주) (주)한텍 유콘시스템(주) (주)트래닛 후성홀딩스(주) 한국내화(주) (주)후성 (주)한스 (주)오션스글로벌 일광이앤씨(주) 후성글로벌(주) 후성코퍼레이션(주)
퍼시스,기타 목재가구 제조업,243명 (2024.12.31),중견기업,1983.03.11 (43년차),143억원 (2024.12.31),"3,352억 6천만원 (2024.12.31)",배상돈/박광호,"3,100만원 상세보기","사무용 가구,의자,책상,캐비넷 제조","국민연금, 건강보험, 고용보험, 산재보험",http://www.fursys.com,서울 송파구 오금동 45-1 퍼시스빌딩,퍼시스그룹 (주)퍼시스홀딩스 (주)바로스 (주)일룸 (주)시디즈
펄어비스,N/A,N/A,N/A,N/A,N/A,N/A,N/A,N/A,N/A,N/A,N/A,N/A,N/A
페이퍼코리아,목재·제지·가구,170명,중견기업,1944.10.09 (82년차),300억원,"4,500억",권육상,"4,130만원 상세보기","신문용지, 산업용지, 인화지","국민연금, 건강보험, 고용보험, 산재보험",http://www.papercorea.co.kr,"전북 군산시 외항로 1245 (비응도동, 페이퍼코리아주식회사) (비응도동 36-20)",연합자산관리그룹 (주)광산 (주)아이엠티 (주)케이디파워 삼주이엔지(주) (주)디젠프러퍼티 (주)에너솔라 (주)아스트 (주)영화엔지니어링 STX엔진(주) 나투라미디어(주) (주)금오하이텍 (주)다이나맥 (주)케이조선 툴코리아(주) 대전뉴타운개발(주) (주)에어릭스 세일전자(주) (주)베가 더보기
평화산업,자동차·조선·철강·항공,790명,중견기업,2006.05.01 (20년차),274억원,5173억,"김종석,황순용","3,480만원 상세보기",자동차부품 제조 및 판매,"국민연금, 건강보험, 고용보험, 산재보험",http://www.ph.co.kr,대구 달성군 논공읍 논공로 597 (본리리) 평화산업(주),평화그룹 평화씨엠비(주) 평화오일씰공업(주) (주)평화이엔지 평화홀딩스(주) 평화기공(주) (주)엠제이비전테크 (주)피엔디티 창인인재개발원(주) (주)피에프에스 (주)예겸
평화홀딩스,그 외 자동차용 신품 부품 제조업,80명,중견기업,1950.10.30 (76년차),73억 1천만원 (2024.12.31),1조2463억,김종석.황순용,N/A,자동차/산업용 부품 제조업,"국민연금, 건강보험, 고용보험, 산재보험",http://www.phhc.co.kr,대구 달성군 논공읍 논공로 597 (본리리) .,평화그룹 평화씨엠비(주) 평화오일씰공업(주) (주)평화이엔지 평화산업(주) 평화기공(주) (주)엠제이비전테크 (주)피엔디티 창인인재개발원(주) (주)피에프에스 (주)예겸
포스코스틸리온,"도금, 착색 및 기타 표면처리강재 제조업",417명 (2024.12.31),대기업,1988.02.15 (38년차),300억원 (2024.12.31),"1조 1,757억원 (2024.12.31)",천시열,"4,100만원 상세보기","용융아연도금강판,용융알루미늄도금강판,칼라도장강판,냉연강판 가공,제조,도매","국민연금, 건강보험, 고용보험, 산재보험",http://www.poscosteeleon.com,경북 포항시 남구 장흥동 470 포스코스틸리온,포스코그룹 (주)포스코에이앤씨건축사사무소 (주)포스코와이드 포스코플로우(주) (주)엔투비 (주)포스코인터내셔널 (주)포스코엠텍 포스코홀딩스(주) (주)에스엔엔씨 (주)포스코경영연구원 (주)포스코이앤씨 (주)포스코퓨처엠 포스코기술투자(주) 우이신설경전철(주) (주)포스코디엑스 (주)피엔알 더보기
포스코엠텍,그 외 기타 1차 철강 제조업,"1,018명 (2024.12.31)",대기업,1973.12.27 (53년차),208억 2천만원 (2024.12.31),"3,466억 2천만원 (2024.12.31)",김진보,N/A,"알미늄(페렛트,잉곳트,와이어),대강(철강띠) 포장재료,철강제품 가공,매매,무역/부동산 임대,엔지니어링","국민연금, 건강보험, 고용보험, 산재보험",http://www.poscomtech.com,경북 포항시 남구 형산강북로 131 (효자동),포스코그룹 (주)포스코에이앤씨건축사사무소 (주)포스코와이드 포스코플로우(주) (주)엔투비 (주)포스코인터내셔널 포스코홀딩스(주) 포스코스틸리온(주) (주)에스엔엔씨 (주)포스코경영연구원 (주)포스코이앤씨 (주)포스코퓨처엠 포스코기술투자(주) 우이신설경전철(주) (주)포스코디엑스 (주)피엔알 더보기
포스코인터내셔널,제강업,"18,167명",대기업,1968.03.25 (58년차),"4,824억 3백만원 (2024.12.31)",37조 5천억원 (2024.12.31),이희근,N/A,"제강,제철,합금철,코크스,연탄,석유제품,화학물질,화학제품,철강압연,비철금속압연,압출,연신제품 제조","국민연금, 건강보험, 고용보험, 산재보험",http://www.posco.com,경북 포항시 남구 괴동동 1 포스코본사,포스코그룹 (주)포스코에이앤씨건축사사무소 (주)포스코와이드 포스코플로우(주) (주)엔투비 (주)포스코인터내셔널 (주)포스코엠텍 포스코홀딩스(주) 포스코스틸리온(주) (주)에스엔엔씨 (주)포스코경영연구원 (주)포스코이앤씨 (주)포스코퓨처엠 포스코기술투자(주) 우이신설경전철(주) (주)포스코디엑스 더보기
포스코퓨처엠,전기·전자·제어,"2,816명",대기업,1971.05.13 (55년차),387억 3천만원 (2024.12.31),4조 7599억원,유병옥,"6,000만원 상세보기","양극재, 음극재, 전구체, 내화물, 생석회 제조","국민연금, 건강보험, 고용보험, 산재보험",http://www.poscofuturem.com,"경북 포항시 남구 신항로 110 (청림동, (주)포스코퓨처엠) 본사",포스코그룹 (주)포스코에이앤씨건축사사무소 (주)포스코와이드 포스코플로우(주) (주)엔투비 (주)포스코인터내셔널 (주)포스코엠텍 포스코홀딩스(주) 포스코스틸리온(주) (주)에스엔엔씨 (주)포스코경영연구원 (주)포스코이앤씨 포스코기술투자(주) 우이신설경전철(주) (주)포스코디엑스 (주)피엔알 더보기
풀무원,기관 구내식당업,"2,666명 (2024.12.31)",중견기업,1995.09.01 (31년차),610억 1천만원 (2024.12.31),"8,167억 8천만원 (2024.12.31)",이동훈,"3,948만원 상세보기","구내식당 운영,단체급식,외식사업","국민연금, 건강보험, 고용보험, 산재보험",http://www.pulmuonefnc.com,서울 송파구 송파동 185-5 이씨엠디빌딩,풀무원그룹 (주)올가홀푸드 (주)푸드머스 한국바이오기술투자(주) 엑소후레쉬물류(주) (주)피피이씨음성생면 (주)피피이씨음성나물 (주)피피이씨의령 (주)피피이씨춘천 풀무원샘물(주) 샘소슬(주) (주)풀무원 (주)풀무원아카데미 풀무원식품(주) (주)풀무원녹즙 피씨아이(주) 풀무원다논(주) 더보기
풍산,"동 압연, 압출 및 연신제품 제조업","3,696명 (2024.12.31)",중견기업,2008.07.04 (18년차),"1,401억 2천만원 (2024.12.31)","3조 5,025억원 (2024.12.31)",류진/박우동,"4,450만원 상세보기","동,동합금,알루미늄,알루미늄합금 제조,판매","고용보험, 산재보험",http://www.poongsan.co.kr,"서울 서대문구 충정로 23 (충정로3가, 풍산빌딩)",풍산그룹 (주)피엔티 (주)풍산홀딩스 (주)풍산에프앤에스 (주)풍산화동양행 (주)풍산메탈서비스 풍산특수금속(주) (주)류홀딩스 (주)서창 (주)풍산디에이케이 (주)케이피머트리얼즈 (주)넥스포
풍산홀딩스,지주회사,274명 (2024.12.31),중견기업,1968.10.22 (58년차),847억 4천만원 (2024.12.31),"1,559억 5천만원 (2024.12.31)",박우동,N/A,"자금,업무지원,시장조사,경영자문,컨설팅/동판제,대,관,봉,선,소전,동파이프 제조,도매,무역","국민연금, 건강보험, 고용보험, 산재보험",http://www.poongsanhc.co.kr,서울 중구 충정로1가 23 풍산빌딩 17층,풍산그룹 (주)피엔티 (주)풍산에프앤에스 (주)풍산화동양행 (주)풍산메탈서비스 (주)풍산 풍산특수금속(주) (주)류홀딩스 (주)서창 (주)풍산디에이케이 (주)케이피머트리얼즈 (주)넥스포
프로텍,반도체 제조용 기계 제조업,289명 (2024.12.31),중견기업,1997.09.01 (29년차),55억원 (2024.12.31),"1,310억 4천만원 (2024.12.31)",최승환,"3,505만원 상세보기","반도체장비,자동화 공압부품,자동화기기,전자부품 제조","국민연금, 건강보험, 고용보험, 산재보험",http://www.protec21.co.kr,경기 안양시 동안구 관양동 1743-3,프로텍그룹 (주)프로텍벤처스 (주)피엠티 (주)프로텍엘앤에이치 (주)피앤엠 (주)프로텍인베스트먼트
플레이그램,유기발광 표시장치 제조업,"21,366명 (2024.12.31)",대기업,2012.04.01 (14년차),"1조 3,091억원 (2024.12.31)",25조 4천억원 (2024.12.31),이청,"4,800만원 상세보기","첨단 디스플레이(OLED, QD, LCD) 제조업","국민연금, 건강보험, 고용보험, 산재보험",http://www.samsungdisplay.com,경기 용인시 기흥구 농서동 230 삼성디스플레이 본사,삼성그룹 스테코(주) 삼성전자판매(주) 삼성벤처투자(주) 삼성전자로지텍(주) (주)시큐아이 (주)씨브이네트 (주)멀티캠퍼스 삼성생명서비스손해사정(주) (주)미라콤아이앤씨 세메스(주) 에스디플렉스(주) 삼성중공업(주) 삼성SDI(주) 삼성전자(주) 삼성전기(주) 삼성메디슨(주) 더보기
플레이디,유기발광 표시장치 제조업,"21,366명 (2024.12.31)",대기업,2012.04.01 (14년차),"1조 3,091억원 (2024.12.31)",25조 4천억원 (2024.12.31),이청,"4,800만원 상세보기","첨단 디스플레이(OLED, QD, LCD) 제조업","국민연금, 건강보험, 고용보험, 산재보험",http://www.samsungdisplay.com,경기 용인시 기흥구 농서동 230 삼성디스플레이 본사,삼성그룹 스테코(주) 삼성전자판매(주) 삼성벤처투자(주) 삼성전자로지텍(주) (주)시큐아이 (주)씨브이네트 (주)멀티캠퍼스 삼성생명서비스손해사정(주) (주)미라콤아이앤씨 세메스(주) 에스디플렉스(주) 삼성중공업(주) 삼성SDI(주) 삼성전자(주) 삼성전기(주) 삼성메디슨(주) 더보기
플루토스,기타 금융 투자업,9명 (2024.12.31),중소기업,1986.11.27 (40년차),326억 5천만원 (2024.12.31),102억 8천만원 (2024.12.31),엄원진,N/A,"중소기업창업자에 대한 투자,융자,경영상담","국민연금, 건강보험, 고용보험, 산재보험",http://www.plutusinvestment.co.kr,"서울 강남구 테헤란로4길 14 (역삼동, 미림타워) 13층 리더스기술투자",N/A
피에스케이,반도체 제조용 기계 제조업,302명,중소기업,1990.06.11 (36년차),107억 8천만원 (2024.12.31),"1,722억 2천만원 (2024.12.31)",박경수,N/A,"반도체제조장비,플랫판넬디스플레이제조장비 제조,관련부품 판매","국민연금, 건강보험, 고용보험, 산재보험",http://www.pskholding.com,경기 화성시 석우동 2-12,피에스케이홀딩스그룹 디엠비마케팅연구소(주) 에스이앤에스(주) 에스이앤티(주) 피에스케이(주) 에스이앤아이(주)
피엔티,N/A,N/A,N/A,N/A,N/A,N/A,N/A,N/A,N/A,N/A,N/A,N/A,N/A
하나금융지주,지주회사,"13,000명",대기업,2005.12.01 (21년차),"1조 5,012억원 (2024.12.31)",2조 182억원 (2024.12.31),함영주,"2,950만원 상세보기",금융지주회사,"국민연금, 건강보험, 고용보험, 산재보험",http://www.hanafn.com,"서울 중구 을지로 55 (을지로2가, 하나은행별관빌딩) 하나금융그룹",하나금융그룹 (주)하나자산신탁 하나증권(주) 하나자산운용(주) 하나손해보험(주) (주)하나금융티아이 하나펀드서비스(주) (주)하나대체투자자산운용 하나캐피탈(주) (주)하나은행 하나생명보험(주) (주)하나저축은행 하나제삼호사모투자(자) (주)핀크 하나에프앤아이(주) (주)하나벤처스 더보기
하나기술,그 외 기타 특수목적용 기계 제조업,322명 (2024.12.31),중소기업,2003.03.18 (23년차),40억 8천만원 (2024.12.31),932억 6천만원 (2024.12.31),오태봉,"3,635만원",2차전지양산자동화설비 제조,"국민연금, 건강보험, 고용보험, 산재보험",http://www.hn-tech.co.kr,경기 용인시 처인구 남사면 전나무골길2번길 56-7 (북리) (주)하나기술,N/A
하나마이크론,전자집적회로 제조업,801명 (2024.12.31),중견기업,2001.08.23 (25년차),331억 3천만원 (2024.12.31),"7,976억 2천만원 (2024.12.31)",이동철,"4,100만원 상세보기","반도체패키징,액정표시장치,방송,무선통신기기,컴퓨터 기억장치 제조,판매/부동산 임대","국민연금, 건강보험, 고용보험, 산재보험",http://www.hanamicron.co.kr,충남 아산시 음봉면 원남리 95-1,하나마이크론그룹 하나머티리얼즈(주) (주)이피웍스 하나마이크론태양광(주) 하나더블유엘에스(주) 하나에스앤비인베스트먼트(주)
하나머티리얼즈,반도체·디스플레이·광학,700명,중견기업,2007.01.23 (19년차),98억 8천만원 (2024.12.31),"2,503억 7천만원 (2024.12.31)",김현주,"3,928만원","실리콘잉곳, Si/SiC 반도체부품(cathode, ring 등)","국민연금, 건강보험, 고용보험, 산재보험",http://www.hanamts.com,충남 천안시 서북구 3공단3로 50 (백석동) 하나머티리얼즈 백석사업장,하나마이크론그룹 하나마이크론(주) (주)이피웍스 하나마이크론태양광(주) 하나더블유엘에스(주) 하나에스앤비인베스트먼트(주)
하나생명보험,생명 보험업,208명 (2024.12.31),대기업,1991.11.25 (35년차),"2,996억 2천만원 (2024.12.31)","7,665억 4천만원 (2024.12.31)",남궁원,"3,000만원 상세보기",생명보험,"국민연금, 건강보험, 고용보험, 산재보험",http://www.hanalife.co.kr,서울 중구 을지로2가,하나금융그룹 (주)하나자산신탁 하나증권(주) 하나자산운용(주) 하나손해보험(주) (주)하나금융티아이 (주)하나금융지주 하나펀드서비스(주) (주)하나대체투자자산운용 하나캐피탈(주) (주)하나은행 (주)하나저축은행 하나제삼호사모투자(자) (주)핀크 하나에프앤아이(주) (주)하나벤처스 더보기
하나은행,N/A,N/A,N/A,N/A,N/A,N/A,N/A,N/A,N/A,N/A,N/A,N/A,N/A
하나제약,완제 의약품 제조업,721명 (2024.12.31),중견기업,1978.01.19 (48년차),88억 8천만원 (2024.12.31),"2,253억 3천만원 (2024.12.31)",최태홍,"4,620만원","완제의약품(양약,자양강장제) 제조,도매","국민연금, 건강보험, 고용보험, 산재보험",http://www.hanaph.co.kr,경기 화성시 향남읍 제약단지로 13-39 하나제약,N/A
하나증권,증권 중개업,"1,716명 (2024.12.31)",대기업,1977.02.14 (49년차),"4,021억 6천만원 (2024.12.31)",12조 3천억원 (2024.12.31),강성묵,"4,600만원 상세보기","증권(신탁,수익증권,유가증권 인수,매매,주식,선물,옵션매매,콜거래업무),투자회사/부동산 임대,전대","국민연금, 건강보험, 고용보험, 산재보험",http://www.hanaw.com,"서울 영등포구 의사당대로 82 (여의도동, 하나증권빌딩)",하나금융그룹 (주)하나자산신탁 하나자산운용(주) 하나손해보험(주) (주)하나금융티아이 (주)하나금융지주 하나펀드서비스(주) (주)하나대체투자자산운용 하나캐피탈(주) (주)하나은행 하나생명보험(주) (주)하나저축은행 하나제삼호사모투자(자) (주)핀크 하나에프앤아이(주) (주)하나벤처스 더보기
하나카드,신용카드 및 할부금융업,739명 (2024.12.31),대기업,2014.09.01 (12년차),"1조 3,300억원 (2024.12.31)",2조 628억원 (2024.12.31),성영수,"3,000만원 상세보기","신용카드,신용판매,신기술사업,할부금융","국민연금, 건강보험, 고용보험, 산재보험",http://www.hanacard.co.kr,"서울 중구 을지로 66 (을지로2가, 하나금융그룹명동사옥) 하나카드 명동사옥",하나금융그룹 (주)하나자산신탁 하나증권(주) 하나자산운용(주) 하나손해보험(주) (주)하나금융티아이 (주)하나금융지주 하나펀드서비스(주) (주)하나대체투자자산운용 하나캐피탈(주) (주)하나은행 하나생명보험(주) (주)하나저축은행 하나제삼호사모투자(자) (주)핀크 하나에프앤아이(주) 더보기
하나캐피탈,캐피탈·대출,391명,대기업 계열사·자회사,1987.02.13 (39년차),"1,679억 3천만원 (2024.12.31)","2조 3,099억원 (2024.12.31)",박승오,N/A,"하나금융그룹계열사, 여신전문금융회사, 리스, 할부금융, 가계대출, 자동차금융 등","국민연금, 건강보험, 고용보험, 산재보험",http://www.hanacapital.co.kr,"서울 강남구 테헤란로 127 (역삼동, 그레이스타워) 하나금융그룹 강남사옥 19층",하나금융그룹 (주)하나자산신탁 하나증권(주) 하나자산운용(주) 하나손해보험(주) (주)하나금융티아이 (주)하나금융지주 하나펀드서비스(주) (주)하나대체투자자산운용 (주)하나은행 하나생명보험(주) (주)하나저축은행 하나제삼호사모투자(자) (주)핀크 하나에프앤아이(주) (주)하나벤처스 더보기
하나투어,N/A,N/A,N/A,N/A,N/A,N/A,N/A,N/A,N/A,N/A,N/A,N/A,N/A
하림,가금류 도축업,"2,454명 (2024.12.31)",대기업,1986 (40년차),531억 4백만원 (2024.12.31),"1조 2,337억원 (2024.12.31)",김홍국/정호석,"3,700만원 상세보기",도축(도계)/육가공품 제조,"국민연금, 건강보험, 고용보험, 산재보험",http://www.harim.com,전북 익산시 망성면 망성로 13-14 인사팀,하림그룹 농업회사법인(주)선진한마을 농업회사법인(주)주원산오리 (주)팜스코 농업회사법인(주)익산 (주)선진햄 (주)한강식품 (주)엔에스쇼핑 (주)올품 (주)에버미라클 (주)경우 (주)맥시칸 (주)하림지주 지포레(주) 농업회사법인(주)순우리 (주)싱그린에프에스 팬오션(주) (주)선진에프에스 더보기
하림지주,지주회사,62명 (2024.12.31),대기업,1950.04.01 (76년차),112억 4천만원 (2024.12.31),904억 7천만원 (2024.12.31),김홍국,"3,600만원","지주사업/서적,잡지,신문 도소매/한식 음식점","국민연금, 건강보험, 고용보험, 산재보험",http://www.harimholdings.com,전북 익산시 중앙로 121 (마동) 하림지주,하림그룹 농업회사법인(주)선진한마을 농업회사법인(주)주원산오리 (주)팜스코 농업회사법인(주)익산 (주)선진햄 (주)한강식품 (주)엔에스쇼핑 (주)올품 (주)에버미라클 (주)경우 (주)맥시칸 지포레(주) 농업회사법인(주)순우리 (주)싱그린에프에스 팬오션(주) (주)선진에프에스 (주)청운농업회사법인 더보기
하이드로리튬,금속·재료·자재,106명 (2024.12.31),중소기업,1995.01.27 (31년차),108억 3천만원 (2024.12.31),84억 6천만원 (2024.12.31),전웅,"3,700만원 상세보기","금속가공품(앵커),나사가공기,특수강 제조/토공사,보링그라우팅공사,금속구조물창호공사,강구조물공사","국민연금, 건강보험, 고용보험, 산재보험",http://www.hydroli.co.kr,경기 광주시 오포안로 46-10 (문형동) (주)하이드로리튬,N/A
하이브,연예·엔터테인먼트,798명,대기업,2005.02.04 (21년차),208억 2천만원 (2024.12.31),1조 8천억원,이재상,N/A,음악으로 세상에 울림을 전하고 산업을 혁신하여 삶의 변화를 만들어갑니다.,"국민연금, 건강보험, 고용보험, 산재보험",https://hybecorp.com/kor/main,서울 용산구 한강로3가 65-9 용산트레이드센터,하이브그룹 (주)플레디스엔터테인먼트 (주)위버스컴퍼니 (주)빌리프랩 (주)케이오지엔터테인먼트 (주)쏘스뮤직 (주)수퍼톤 (주)빅히트뮤직 (주)어도어 (주)하이브아이엠 (주)바이너리코리아
하이스틸,강관 제조업,221명 (2024.12.31),중견기업,2003.01.01 (23년차),100억 9천만원 (2024.12.31),"2,453억 4천만원 (2024.12.31)",엄정근,"3,400만원 상세보기","강관 제조,도매","국민연금, 건강보험, 고용보험, 산재보험",http://www.histeel.co.kr,"충남 당진시 송악읍 부곡공단4길 28-252 (부곡리, 하이스틸 당진공장) 하이스틸 당진1공장",한일철강그룹 한일철강(주) 한일해운(주) (주)하이파워
하이투자증권,증권 중개업,850명,대기업,1989.10.28 (37년차),N/A,N/A,성무용,"4,000만원 상세보기","투자매매,투자중개,집합투자,투자자문,투자일임,신탁","국민연금, 건강보험, 고용보험, 산재보험",http://www.hi-ib.com,서울 영등포구 여의도동 25-15,DGB금융지주그룹 아이엠에셋자산운용(주) (주)아이엠신용정보 (주)아이엠라이프생명보험 (주)아이엠뱅크 (주)아이엠유페이 (주)아이엠금융지주 (주)뉴지스탁 (주)아이엠데이터시스템 아이엠투자파트너스(주)
하이트진로,알코올음료 제조업,"3,004명 (2024.12.31)",중견기업,1954.01.01 (72년차),"3,688억 4천만원 (2024.12.31)","2조 3,290억원 (2024.12.31)",김인규,"3,771만원 상세보기","소주,맥주,포도주,진,위스키,생수 제조","국민연금, 건강보험, 고용보험, 산재보험",http://www.hitejinro.com,"서울 강남구 영동대로 714 (청담동, 하이트진로빌딩)",하이트진로그룹 (주)진로소주 블루헤런(주) (주)연암 서영이앤티(주) 하이트진로홀딩스(주) 하이트진로산업(주) 수양물류(주) 하이트진로음료(주) (주)송정 (유)평암농산법인 (주)진백글로벌
한국가스공사,N/A,N/A,N/A,N/A,N/A,N/A,N/A,N/A,N/A,N/A,N/A,N/A,N/A
한국공항,기타 항공 운송지원 서비스업,"3,258명 (2024.12.31)",대기업,1968.02.20 (58년차),158억 3천만원 (2024.12.31),"5,625억 9천만원 (2024.12.31)",이수근,"4,600만원 상세보기","항공기 지상조업,항공화물 상하역,장비대여,항공용역사업,항공기급유,항공화물 취급,보관,부정기헬기운송,여행알선,광업,먹는샘물 제조,농축산업","국민연금, 건강보험, 고용보험, 산재보험",http://www.kas.co.kr,서울 강서구 방화동 499-1,한진그룹 토파스여행정보(주) (주)한국글로발로지스틱스시스템 태일캐터링(주) 포항항7부두운영(주) (주)항공종합서비스 (주)칼호텔네트워크 (주)싸이버스카이 아시아나세이버(주) 한진평택컨테이너터미널(주) 한진부산컨테이너터미널(주) 태일통상(주) (주)한진 아시아나항공(주) 아시아나에어포트(주) 더보기
한국금융지주,지주회사,74명 (2024.12.31),대기업,2003.01.11 (23년차),"3,079억 2천만원 (2024.12.31)","7,806억 6백만원 (2024.12.31)",김남구,N/A,금융지주회사,"국민연금, 건강보험, 고용보험, 산재보험",http://www.koreainvestment.com,서울 영등포구 여의도동 27-1 한국투자증권 8층,한국투자금융그룹 한국투자증권(주) 한국투자신탁운용(주) 한국투자밸류자산운용(주) 한국투자파트너스(주) (주)한국투자저축은행 한국투자글로벌제약산업육성사모투자전문회사 한국투자프라이빗에쿼티(주) 이큐파트너스제1호글로벌사모투자전문회사 우리성장파트너십신기술사모투자전문회사(자) 더보기
한국내화,정형 내화 요업제품 제조업,662명 (2024.12.31),중견기업,1974.06.24 (52년차),205억 3천만원 (2024.12.31),"2,873억 2천만원 (2024.12.31)",변성희,"5,450만원 상세보기","내화벽돌,내화몰탈,축로등 제조,판매","국민연금, 건강보험, 고용보험, 산재보험",http://www.fskrc.co.kr,"충남 당진시 송산면 무수들길 370 (가곡리, 한국내화(",후성그룹 후성정공(주) (주)한텍 유콘시스템(주) (주)트래닛 후성홀딩스(주) 퍼스텍(주) (주)후성 (주)한스 (주)오션스글로벌 일광이앤씨(주) 후성글로벌(주) 후성코퍼레이션(주)
한국단자공업,"전기회로 개폐, 보호장치 제조업","1,160명 (2024.12.31)",중견기업,1973.04.20 (53년차),52억 7백만원 (2024.12.31),"1조 2,243억원 (2024.12.31)",이창원/이원준,"4,080만원 상세보기","전기변환장치(광커넥터,통신용콘넥터,정밀압착단자설계) 제조,무역(수출)","국민연금, 건강보험, 고용보험, 산재보험",http://www.ket.com,인천 연수구 송도동 7-38,한국단자공업그룹 공영산업(주) (주)케.이.티.인터내쇼날 경원전자(주) 케이티네트워크(주) 케이이티솔루션(주) (주)한빛누리 케이이티엔지니어링(주)
한국무브넥스,-,N/A,-,-,N/A,N/A,-,N/A,-,"국민연금, 건강보험, 고용보험, 산재보험",http://www.seohan.co.kr/,충청북도 진천군 덕산면 인산리 458-1 서한산업(주)본사/제1공장,한국무브넥스그룹 엠테스(주) 캄텍(주) 한국무브넥스(주) 서한이앤피(주) 서한엔티엔베어링(주) 오토메탈글로벌(주)
